STRUCTURE,STRUCTURE_ID,ACTION,FREQ,REF_AREA,INDICATOR,SEX,AGE,URBANISATION,UNIT_MEASURE,COMP_BREAKDOWN_1,COMP_BREAKDOWN_2,COMP_BREAKDOWN_3,UNIT_TYPE,DATABASE_ID,TIME_FORMAT,UNIT_MULT,DATA_SOURCE,OBS_CONF,OBS_STATUS,FREQ_LABEL,REF_AREA_LABEL,INDICATOR_LABEL,SEX_LABEL,AGE_LABEL,URBANISATION_LABEL,UNIT_MEASURE_LABEL,COMP_BREAKDOWN_1_LABEL,COMP_BREAKDOWN_2_LABEL,COMP_BREAKDOWN_3_LABEL,UNIT_TYPE_LABEL,DATABASE_ID_LABEL,TIME_FORMAT_LABEL,UNIT_MULT_LABEL,OBS_STATUS_LABEL,OBS_CONF_LABEL,2002,2003,2004,2005,2006,2007,2008,2009,2010,2012,2013,2014,2015,2016,2017,2018,2019,2020,2021,2022,2023,2024,2025
datastructure,WB.DATA360:DS_DATA360(1.2),I,A,GIN,RWB_PFI_RANK,_Z,_Z,_Z,RANK,_Z,_Z,_Z,RANK,RWB_PFI,602,0,RWB_PFI,PU,A,Annual,Guinea,Press Freedom Index Rank,Not applicable,Not applicable,Not applicable,Rank,Not Applicable,Not Applicable,Not Applicable,Rank,Press Freedom Index,CCYY,Units,Normal value,Public,79.0,109.0,88.0,102.0,109.0,107.0,99.0,100.0,113.0,86.0,86.0,102.0,102.0,108.0,101.0,104.0,107.0,110.0,109.0,84.0,85.0,78.0,103.0
datastructure,WB.DATA360:DS_DATA360(1.2),I,A,ARE,RWB_PFI_RANK,_Z,_Z,_Z,RANK,_Z,_Z,_Z,RANK,RWB_PFI,602,0,RWB_PFI,PU,A,Annual,United Arab Emirates,Press Freedom Index Rank,Not applicable,Not applicable,Not applicable,Rank,Not Applicable,Not Applicable,Not Applicable,Rank,Press Freedom Index,CCYY,Units,Normal value,Public,,122.0,137.0,100.0,77.0,65.0,69.0,86.0,87.0,112.0,114.0,118.0,120.0,119.0,119.0,128.0,133.0,131.0,131.0,138.0,145.0,160.0,164.0
datastructure,WB.DATA360:DS_DATA360(1.2),I,A,IRN,RWB_PFI_RANK,_Z,_Z,_Z,RANK,_Z,_Z,_Z,RANK,RWB_PFI,602,0,RWB_PFI,PU,A,Annual,"Iran, Islamic Rep.",Press Freedom Index Rank,Not applicable,Not applicable,Not applicable,Rank,Not Applicable,Not Applicable,Not Applicable,Rank,Press Freedom Index,CCYY,Units,Normal value,Public,122.0,160.0,158.0,164.0,162.0,166.0,166.0,172.0,175.0,175.0,174.0,173.0,173.0,169.0,165.0,164.0,170.0,173.0,174.0,178.0,177.0,176.0,176.0
datastructure,WB.DATA360:DS_DATA360(1.2),I,A,LBN,RWB_PFI_RANK,_Z,_Z,_Z,RANK,_Z,_Z,_Z,RANK,RWB_PFI,602,0,RWB_PFI,PU,A,Annual,Lebanon,Press Freedom Index Rank,Not applicable,Not applicable,Not applicable,Rank,Not Applicable,Not Applicable,Not Applicable,Rank,Press Freedom Index,CCYY,Units,Normal value,Public,56.0,106.0,87.0,108.0,107.0,98.0,66.0,61.0,78.0,93.0,101.0,106.0,98.0,98.0,99.0,100.0,101.0,102.0,107.0,130.0,119.0,140.0,132.0
datastructure,WB.DATA360:DS_DATA360(1.2),I,A,HTI,RWB_PFI_RANK,_Z,_Z,_Z,RANK,_Z,_Z,_Z,RANK,RWB_PFI,602,0,RWB_PFI,PU,A,Annual,Haiti,Press Freedom Index Rank,Not applicable,Not applicable,Not applicable,Rank,Not Applicable,Not Applicable,Not Applicable,Rank,Press Freedom Index,CCYY,Units,Normal value,Public,106.0,100.0,125.0,117.0,87.0,75.0,73.0,57.0,56.0,52.0,49.0,47.0,53.0,53.0,53.0,60.0,62.0,83.0,87.0,70.0,99.0,93.0,111.0
datastructure,WB.DATA360:DS_DATA360(1.2),I,A,WSM,RWB_PFI_RANK,_Z,_Z,_Z,RANK,_Z,_Z,_Z,RANK,RWB_PFI,602,0,RWB_PFI,PU,A,Annual,Samoa,Press Freedom Index Rank,Not applicable,Not applicable,Not applicable,Rank,Not Applicable,Not Applicable,Not Applicable,Rank,Press Freedom Index,CCYY,Units,Normal value,Public,,,,,,,,,111.0,56.0,48.0,40.0,40.0,29.0,21.0,22.0,22.0,21.0,21.0,45.0,19.0,22.0,44.0
datastructure,WB.DATA360:DS_DATA360(1.2),I,A,XKX,RWB_PFI_RANK,_Z,_Z,_Z,RANK,_Z,_Z,_Z,RANK,RWB_PFI,602,0,RWB_PFI,PU,A,Annual,Kosovo,Press Freedom Index Rank,Not applicable,Not applicable,Not applicable,Rank,Not Applicable,Not Applicable,Not Applicable,Rank,Press Freedom Index,CCYY,Units,Normal value,Public,,,,,,,,,,,,,,,,,,,,,56.0,75.0,99.0
datastructure,WB.DATA360:DS_DATA360(1.2),I,A,BLZ,RWB_PFI_RANK,_Z,_Z,_Z,RANK,_Z,_Z,_Z,RANK,RWB_PFI,602,0,RWB_PFI,PU,A,Annual,Belize,Press Freedom Index Rank,Not applicable,Not applicable,Not applicable,Rank,Not Applicable,Not Applicable,Not Applicable,Rank,Press Freedom Index,CCYY,Units,Normal value,Public,,,,,,,,,,,,29.0,30.0,36.0,41.0,47.0,53.0,53.0,53.0,47.0,51.0,54.0,47.0
datastructure,WB.DATA360:DS_DATA360(1.2),I,A,CHE,RWB_PFI_RANK,_Z,_Z,_Z,RANK,_Z,_Z,_Z,RANK,RWB_PFI,602,0,RWB_PFI,PU,A,Annual,Switzerland,Press Freedom Index Rank,Not applicable,Not applicable,Not applicable,Rank,Not Applicable,Not Applicable,Not Applicable,Rank,Press Freedom Index,CCYY,Units,Normal value,Public,15.0,12.0,1.0,1.0,9.0,11.0,7.0,7.0,6.0,8.0,14.0,15.0,20.0,7.0,7.0,5.0,6.0,8.0,10.0,14.0,12.0,9.0,9.0
datastructure,WB.DATA360:DS_DATA360(1.2),I,A,SCG,RWB_PFI_RANK,_Z,_Z,_Z,RANK,_Z,_Z,_Z,RANK,RWB_PFI,602,0,RWB_PFI,PU,A,Annual,Serbia and Montenegro,Press Freedom Index Rank,Not applicable,Not applicable,Not applicable,Rank,Not Applicable,Not Applicable,Not Applicable,Rank,Press Freedom Index,CCYY,Units,Normal value,Public,,85.0,77.0,65.0,48.0,,,,,,,,,,,,,,,,,,
datastructure,WB.DATA360:DS_DATA360(1.2),I,A,BOL,RWB_PFI_RANK,_Z,_Z,_Z,RANK,_Z,_Z,_Z,RANK,RWB_PFI,602,0,RWB_PFI,PU,A,Annual,Bolivia,Press Freedom Index Rank,Not applicable,Not applicable,Not applicable,Rank,Not Applicable,Not Applicable,Not Applicable,Rank,Press Freedom Index,CCYY,Units,Normal value,Public,48.0,51.0,76.0,45.0,17.0,68.0,115.0,95.0,103.0,108.0,109.0,94.0,94.0,97.0,107.0,110.0,113.0,114.0,110.0,126.0,117.0,124.0,93.0
datastructure,WB.DATA360:DS_DATA360(1.2),I,A,RUS,RWB_PFI_RANK,_Z,_Z,_Z,RANK,_Z,_Z,_Z,RANK,RWB_PFI,602,0,RWB_PFI,PU,A,Annual,Russian Federation,Press Freedom Index Rank,Not applicable,Not applicable,Not applicable,Rank,Not Applicable,Not Applicable,Not Applicable,Rank,Press Freedom Index,CCYY,Units,Normal value,Public,121.0,148.0,140.0,138.0,147.0,144.0,141.0,153.0,140.0,142.0,148.0,148.0,152.0,148.0,148.0,148.0,149.0,149.0,150.0,155.0,164.0,162.0,171.0
datastructure,WB.DATA360:DS_DATA360(1.2),I,A,IND,RWB_PFI_RANK,_Z,_Z,_Z,RANK,_Z,_Z,_Z,RANK,RWB_PFI,602,0,RWB_PFI,PU,A,Annual,India,Press Freedom Index Rank,Not applicable,Not applicable,Not applicable,Rank,Not Applicable,Not Applicable,Not Applicable,Rank,Press Freedom Index,CCYY,Units,Normal value,Public,80.0,128.0,120.0,106.0,105.0,120.0,118.0,105.0,122.0,131.0,140.0,140.0,136.0,133.0,136.0,138.0,140.0,142.0,142.0,150.0,161.0,159.0,151.0
datastructure,WB.DATA360:DS_DATA360(1.2),I,A,LBY,RWB_PFI_RANK,_Z,_Z,_Z,RANK,_Z,_Z,_Z,RANK,RWB_PFI,602,0,RWB_PFI,PU,A,Annual,Libya,Press Freedom Index Rank,Not applicable,Not applicable,Not applicable,Rank,Not Applicable,Not Applicable,Not Applicable,Rank,Press Freedom Index,CCYY,Units,Normal value,Public,129.0,153.0,154.0,162.0,152.0,155.0,160.0,156.0,160.0,155.0,131.0,137.0,154.0,164.0,163.0,162.0,162.0,164.0,165.0,143.0,149.0,143.0,137.0
datastructure,WB.DATA360:DS_DATA360(1.2),I,A,TKM,RWB_PFI_RANK,_Z,_Z,_Z,RANK,_Z,_Z,_Z,RANK,RWB_PFI,602,0,RWB_PFI,PU,A,Annual,Turkmenistan,Press Freedom Index Rank,Not applicable,Not applicable,Not applicable,Rank,Not Applicable,Not Applicable,Not Applicable,Rank,Press Freedom Index,CCYY,Units,Normal value,Public,136.0,158.0,164.0,165.0,167.0,167.0,171.0,173.0,176.0,177.0,177.0,178.0,178.0,178.0,178.0,178.0,180.0,179.0,178.0,177.0,176.0,175.0,174.0
datastructure,WB.DATA360:DS_DATA360(1.2),I,A,ZMB,RWB_PFI_RANK,_Z,_Z,_Z,RANK,_Z,_Z,_Z,RANK,RWB_PFI,602,0,RWB_PFI,PU,A,Annual,Zambia,Press Freedom Index Rank,Not applicable,Not applicable,Not applicable,Rank,Not Applicable,Not Applicable,Not Applicable,Rank,Press Freedom Index,CCYY,Units,Normal value,Public,81.0,86.0,100.0,90.0,94.0,68.0,74.0,97.0,82.0,89.0,72.0,93.0,113.0,114.0,114.0,113.0,119.0,120.0,115.0,109.0,87.0,95.0,82.0
datastructure,WB.DATA360:DS_DATA360(1.2),I,A,PRY,RWB_PFI_RANK,_Z,_Z,_Z,RANK,_Z,_Z,_Z,RANK,RWB_PFI,602,0,RWB_PFI,PU,A,Annual,Paraguay,Press Freedom Index Rank,Not applicable,Not applicable,Not applicable,Rank,Not Applicable,Not Applicable,Not Applicable,Rank,Press Freedom Index,CCYY,Units,Normal value,Public,32.0,40.0,46.0,69.0,82.0,90.0,91.0,54.0,54.0,83.0,91.0,105.0,109.0,111.0,110.0,107.0,99.0,100.0,100.0,96.0,103.0,115.0,84.0
datastructure,WB.DATA360:DS_DATA360(1.2),I,A,MUS,RWB_PFI_RANK,_Z,_Z,_Z,RANK,_Z,_Z,_Z,RANK,RWB_PFI,602,0,RWB_PFI,PU,A,Annual,Mauritius,Press Freedom Index Rank,Not applicable,Not applicable,Not applicable,Rank,Not Applicable,Not Applicable,Not Applicable,Rank,Press Freedom Index,CCYY,Units,Normal value,Public,36.0,41.0,46.0,34.0,33.0,25.0,47.0,51.0,65.0,55.0,62.0,70.0,68.0,61.0,56.0,56.0,58.0,56.0,61.0,64.0,63.0,57.0,51.0
datastructure,WB.DATA360:DS_DATA360(1.2),I,A,NER,RWB_PFI_RANK,_Z,_Z,_Z,RANK,_Z,_Z,_Z,RANK,RWB_PFI,602,0,RWB_PFI,PU,A,Annual,Niger,Press Freedom Index Rank,Not applicable,Not applicable,Not applicable,Rank,Not Applicable,Not Applicable,Not Applicable,Rank,Press Freedom Index,CCYY,Units,Normal value,Public,53.0,68.0,71.0,57.0,95.0,87.0,130.0,139.0,106.0,29.0,43.0,48.0,47.0,52.0,61.0,63.0,66.0,57.0,59.0,59.0,61.0,80.0,83.0
datastructure,WB.DATA360:DS_DATA360(1.2),I,A,TGO,RWB_PFI_RANK,_Z,_Z,_Z,RANK,_Z,_Z,_Z,RANK,RWB_PFI,602,0,RWB_PFI,PU,A,Annual,Togo,Press Freedom Index Rank,Not applicable,Not applicable,Not applicable,Rank,Not Applicable,Not Applicable,Not Applicable,Rank,Press Freedom Index,CCYY,Units,Normal value,Public,97.0,95.0,75.0,95.0,67.0,49.0,53.0,62.0,60.0,79.0,83.0,76.0,80.0,88.0,86.0,86.0,76.0,71.0,74.0,100.0,70.0,113.0,121.0
datastructure,WB.DATA360:DS_DATA360(1.2),I,A,SWE,RWB_PFI_RANK,_Z,_Z,_Z,RANK,_Z,_Z,_Z,RANK,RWB_PFI,602,0,RWB_PFI,PU,A,Annual,Sweden,Press Freedom Index Rank,Not applicable,Not applicable,Not applicable,Rank,Not Applicable,Not Applicable,Not Applicable,Rank,Press Freedom Index,CCYY,Units,Normal value,Public,9.0,9.0,11.0,12.0,15.0,5.0,7.0,1.0,5.0,12.0,10.0,10.0,5.0,8.0,2.0,2.0,3.0,4.0,3.0,3.0,4.0,3.0,4.0
datastructure,WB.DATA360:DS_DATA360(1.2),I,A,NLD,RWB_PFI_RANK,_Z,_Z,_Z,RANK,_Z,_Z,_Z,RANK,RWB_PFI,602,0,RWB_PFI,PU,A,Annual,Netherlands,Press Freedom Index Rank,Not applicable,Not applicable,Not applicable,Rank,Not Applicable,Not Applicable,Not Applicable,Rank,Press Freedom Index,CCYY,Units,Normal value,Public,4.0,1.0,1.0,1.0,4.0,12.0,16.0,7.0,4.0,4.0,2.0,2.0,4.0,2.0,5.0,3.0,4.0,5.0,6.0,28.0,6.0,4.0,3.0
datastructure,WB.DATA360:DS_DATA360(1.2),I,A,YEM,RWB_PFI_RANK,_Z,_Z,_Z,RANK,_Z,_Z,_Z,RANK,RWB_PFI,602,0,RWB_PFI,PU,A,Annual,"Yemen, Rep.",Press Freedom Index Rank,Not applicable,Not applicable,Not applicable,Rank,Not Applicable,Not Applicable,Not Applicable,Rank,Press Freedom Index,CCYY,Units,Normal value,Public,103.0,136.0,135.0,136.0,150.0,143.0,155.0,167.0,170.0,171.0,169.0,167.0,168.0,170.0,166.0,167.0,168.0,167.0,169.0,169.0,168.0,154.0,154.0
datastructure,WB.DATA360:DS_DATA360(1.2),I,A,CSS,RWB_PFI_RANK,_Z,_Z,_Z,RANK,_Z,_Z,_Z,RANK,RWB_PFI,602,0,RWB_PFI,PU,A,Annual,Caribbean small states,Press Freedom Index Rank,Not applicable,Not applicable,Not applicable,Rank,Not Applicable,Not Applicable,Not Applicable,Rank,Press Freedom Index,CCYY,Units,Normal value,Public,,,,,,,,,,,,,,,,,,,,,93.0,68.0,48.0
datastructure,WB.DATA360:DS_DATA360(1.2),I,A,SEN,RWB_PFI_RANK,_Z,_Z,_Z,RANK,_Z,_Z,_Z,RANK,RWB_PFI,602,0,RWB_PFI,PU,A,Annual,Senegal,Press Freedom Index Rank,Not applicable,Not applicable,Not applicable,Rank,Not Applicable,Not Applicable,Not Applicable,Rank,Press Freedom Index,CCYY,Units,Normal value,Public,47.0,66.0,80.0,78.0,79.0,83.0,86.0,89.0,93.0,76.0,59.0,62.0,71.0,65.0,58.0,50.0,49.0,47.0,49.0,73.0,104.0,94.0,74.0
datastructure,WB.DATA360:DS_DATA360(1.2),I,A,COM,RWB_PFI_RANK,_Z,_Z,_Z,RANK,_Z,_Z,_Z,RANK,RWB_PFI,602,0,RWB_PFI,PU,A,Annual,Comoros,Press Freedom Index Rank,Not applicable,Not applicable,Not applicable,Rank,Not Applicable,Not Applicable,Not Applicable,Rank,Press Freedom Index,CCYY,Units,Normal value,Public,58.0,79.0,91.0,88.0,93.0,96.0,89.0,82.0,72.0,45.0,51.0,53.0,50.0,50.0,44.0,49.0,56.0,75.0,84.0,83.0,75.0,71.0,75.0
datastructure,WB.DATA360:DS_DATA360(1.2),I,A,LIE,RWB_PFI_RANK,_Z,_Z,_Z,RANK,_Z,_Z,_Z,RANK,RWB_PFI,602,0,RWB_PFI,PU,A,Annual,Liechtenstein,Press Freedom Index Rank,Not applicable,Not applicable,Not applicable,Rank,Not Applicable,Not Applicable,Not Applicable,Rank,Press Freedom Index,CCYY,Units,Normal value,Public,,,,,,,,,,,7.0,6.0,27.0,28.0,32.0,30.0,26.0,24.0,23.0,10.0,11.0,15.0,12.0
datastructure,WB.DATA360:DS_DATA360(1.2),I,A,QAT,RWB_PFI_RANK,_Z,_Z,_Z,RANK,_Z,_Z,_Z,RANK,RWB_PFI,602,0,RWB_PFI,PU,A,Annual,Qatar,Press Freedom Index Rank,Not applicable,Not applicable,Not applicable,Rank,Not Applicable,Not Applicable,Not Applicable,Rank,Press Freedom Index,CCYY,Units,Normal value,Public,,115.0,104.0,90.0,81.0,79.0,74.0,94.0,121.0,114.0,110.0,113.0,115.0,117.0,123.0,125.0,128.0,129.0,128.0,119.0,105.0,84.0,79.0
datastructure,WB.DATA360:DS_DATA360(1.2),I,A,CMR,RWB_PFI_RANK,_Z,_Z,_Z,RANK,_Z,_Z,_Z,RANK,RWB_PFI,602,0,RWB_PFI,PU,A,Annual,Cameroon,Press Freedom Index Rank,Not applicable,Not applicable,Not applicable,Rank,Not Applicable,Not Applicable,Not Applicable,Rank,Press Freedom Index,CCYY,Units,Normal value,Public,88.0,98.0,93.0,83.0,112.0,111.0,129.0,109.0,129.0,97.0,120.0,131.0,133.0,126.0,130.0,129.0,131.0,134.0,135.0,118.0,138.0,130.0,131.0
datastructure,WB.DATA360:DS_DATA360(1.2),I,A,BGD,RWB_PFI_RANK,_Z,_Z,_Z,RANK,_Z,_Z,_Z,RANK,RWB_PFI,602,0,RWB_PFI,PU,A,Annual,Bangladesh,Press Freedom Index Rank,Not applicable,Not applicable,Not applicable,Rank,Not Applicable,Not Applicable,Not Applicable,Rank,Press Freedom Index,CCYY,Units,Normal value,Public,118.0,143.0,151.0,151.0,137.0,134.0,136.0,121.0,126.0,129.0,144.0,146.0,146.0,144.0,146.0,146.0,150.0,151.0,152.0,162.0,163.0,165.0,149.0
datastructure,WB.DATA360:DS_DATA360(1.2),I,A,TUN,RWB_PFI_RANK,_Z,_Z,_Z,RANK,_Z,_Z,_Z,RANK,RWB_PFI,602,0,RWB_PFI,PU,A,Annual,Tunisia,Press Freedom Index Rank,Not applicable,Not applicable,Not applicable,Rank,Not Applicable,Not Applicable,Not Applicable,Rank,Press Freedom Index,CCYY,Units,Normal value,Public,128.0,149.0,152.0,147.0,148.0,145.0,143.0,154.0,164.0,134.0,138.0,133.0,126.0,96.0,97.0,97.0,72.0,72.0,73.0,94.0,121.0,118.0,129.0
datastructure,WB.DATA360:DS_DATA360(1.2),I,A,UGA,RWB_PFI_RANK,_Z,_Z,_Z,RANK,_Z,_Z,_Z,RANK,RWB_PFI,602,0,RWB_PFI,PU,A,Annual,Uganda,Press Freedom Index Rank,Not applicable,Not applicable,Not applicable,Rank,Not Applicable,Not Applicable,Not Applicable,Rank,Press Freedom Index,CCYY,Units,Normal value,Public,52.0,91.0,86.0,80.0,116.0,96.0,107.0,86.0,96.0,139.0,104.0,110.0,97.0,102.0,112.0,117.0,125.0,125.0,125.0,132.0,133.0,128.0,143.0
datastructure,WB.DATA360:DS_DATA360(1.2),I,A,MDG,RWB_PFI_RANK,_Z,_Z,_Z,RANK,_Z,_Z,_Z,RANK,RWB_PFI,602,0,RWB_PFI,PU,A,Annual,Madagascar,Press Freedom Index Rank,Not applicable,Not applicable,Not applicable,Rank,Not Applicable,Not Applicable,Not Applicable,Rank,Press Freedom Index,CCYY,Units,Normal value,Public,65.0,46.0,72.0,97.0,66.0,61.0,94.0,134.0,116.0,85.0,88.0,81.0,64.0,56.0,57.0,54.0,54.0,54.0,57.0,98.0,101.0,100.0,113.0
datastructure,WB.DATA360:DS_DATA360(1.2),I,A,SSD,RWB_PFI_RANK,_Z,_Z,_Z,RANK,_Z,_Z,_Z,RANK,RWB_PFI,602,0,RWB_PFI,PU,A,Annual,South Sudan,Press Freedom Index Rank,Not applicable,Not applicable,Not applicable,Rank,Not Applicable,Not Applicable,Not Applicable,Rank,Press Freedom Index,CCYY,Units,Normal value,Public,,,,,,,,,,111.0,124.0,119.0,125.0,140.0,145.0,144.0,139.0,138.0,139.0,128.0,118.0,136.0,109.0
datastructure,WB.DATA360:DS_DATA360(1.2),I,A,TJK,RWB_PFI_RANK,_Z,_Z,_Z,RANK,_Z,_Z,_Z,RANK,RWB_PFI,602,0,RWB_PFI,PU,A,Annual,Tajikistan,Press Freedom Index Rank,Not applicable,Not applicable,Not applicable,Rank,Not Applicable,Not Applicable,Not Applicable,Rank,Press Freedom Index,CCYY,Units,Normal value,Public,86.0,113.0,95.0,113.0,117.0,115.0,106.0,113.0,115.0,123.0,123.0,115.0,116.0,150.0,149.0,149.0,161.0,161.0,162.0,152.0,153.0,155.0,153.0
datastructure,WB.DATA360:DS_DATA360(1.2),I,A,ITA,RWB_PFI_RANK,_Z,_Z,_Z,RANK,_Z,_Z,_Z,RANK,RWB_PFI,602,0,RWB_PFI,PU,A,Annual,Italy,Press Freedom Index Rank,Not applicable,Not applicable,Not applicable,Rank,Not Applicable,Not Applicable,Not Applicable,Rank,Press Freedom Index,CCYY,Units,Normal value,Public,40.0,53.0,39.0,42.0,40.0,35.0,44.0,49.0,50.0,61.0,57.0,49.0,73.0,77.0,52.0,46.0,43.0,41.0,41.0,58.0,41.0,46.0,49.0
datastructure,WB.DATA360:DS_DATA360(1.2),I,A,SVK,RWB_PFI_RANK,_Z,_Z,_Z,RANK,_Z,_Z,_Z,RANK,RWB_PFI,602,0,RWB_PFI,PU,A,Annual,Slovak Republic,Press Freedom Index Rank,Not applicable,Not applicable,Not applicable,Rank,Not Applicable,Not Applicable,Not Applicable,Rank,Press Freedom Index,CCYY,Units,Normal value,Public,,12.0,1.0,8.0,8.0,3.0,7.0,44.0,35.0,27.0,23.0,20.0,14.0,12.0,17.0,27.0,35.0,33.0,35.0,27.0,17.0,29.0,38.0
datastructure,WB.DATA360:DS_DATA360(1.2),I,A,KHM,RWB_PFI_RANK,_Z,_Z,_Z,RANK,_Z,_Z,_Z,RANK,RWB_PFI,602,0,RWB_PFI,PU,A,Annual,Cambodia,Press Freedom Index Rank,Not applicable,Not applicable,Not applicable,Rank,Not Applicable,Not Applicable,Not Applicable,Rank,Press Freedom Index,CCYY,Units,Normal value,Public,71.0,81.0,109.0,90.0,108.0,85.0,126.0,117.0,128.0,117.0,143.0,144.0,139.0,128.0,132.0,142.0,143.0,144.0,144.0,142.0,147.0,151.0,161.0
datastructure,WB.DATA360:DS_DATA360(1.2),I,A,TTO,RWB_PFI_RANK,_Z,_Z,_Z,RANK,_Z,_Z,_Z,RANK,RWB_PFI,602,0,RWB_PFI,PU,A,Annual,Trinidad and Tobago,Press Freedom Index Rank,Not applicable,Not applicable,Not applicable,Rank,Not Applicable,Not Applicable,Not Applicable,Rank,Press Freedom Index,CCYY,Units,Normal value,Public,,5.0,11.0,12.0,22.0,19.0,27.0,28.0,30.0,51.0,44.0,43.0,41.0,44.0,34.0,39.0,39.0,36.0,31.0,25.0,30.0,25.0,19.0
datastructure,WB.DATA360:DS_DATA360(1.2),I,A,ISR,RWB_PFI_RANK,_Z,_Z,_Z,RANK,_Z,_Z,_Z,RANK,RWB_PFI,602,0,RWB_PFI,PU,A,Annual,Israel,Press Freedom Index Rank,Not applicable,Not applicable,Not applicable,Rank,Not Applicable,Not Applicable,Not Applicable,Rank,Press Freedom Index,CCYY,Units,Normal value,Public,92.0,,,47.0,,,,,,,112.0,96.0,101.0,101.0,91.0,87.0,88.0,88.0,86.0,86.0,97.0,101.0,112.0
datastructure,WB.DATA360:DS_DATA360(1.2),I,A,GTM,RWB_PFI_RANK,_Z,_Z,_Z,RANK,_Z,_Z,_Z,RANK,RWB_PFI,602,0,RWB_PFI,PU,A,Annual,Guatemala,Press Freedom Index Rank,Not applicable,Not applicable,Not applicable,Rank,Not Applicable,Not Applicable,Not Applicable,Rank,Press Freedom Index,CCYY,Units,Normal value,Public,83.0,99.0,66.0,86.0,90.0,104.0,101.0,106.0,77.0,98.0,95.0,125.0,124.0,121.0,118.0,116.0,116.0,116.0,116.0,124.0,127.0,138.0,138.0
datastructure,WB.DATA360:DS_DATA360(1.2),I,A,MDV,RWB_PFI_RANK,_Z,_Z,_Z,RANK,_Z,_Z,_Z,RANK,RWB_PFI,602,0,RWB_PFI,PU,A,Annual,Maldives,Press Freedom Index Rank,Not applicable,Not applicable,Not applicable,Rank,Not Applicable,Not Applicable,Not Applicable,Rank,Press Freedom Index,CCYY,Units,Normal value,Public,,145.0,157.0,148.0,144.0,129.0,104.0,51.0,52.0,73.0,103.0,108.0,112.0,112.0,117.0,120.0,98.0,79.0,72.0,87.0,100.0,106.0,104.0
datastructure,WB.DATA360:DS_DATA360(1.2),I,A,AFG,RWB_PFI_RANK,_Z,_Z,_Z,RANK,_Z,_Z,_Z,RANK,RWB_PFI,602,0,RWB_PFI,PU,A,Annual,Afghanistan,Press Freedom Index Rank,Not applicable,Not applicable,Not applicable,Rank,Not Applicable,Not Applicable,Not Applicable,Rank,Press Freedom Index,CCYY,Units,Normal value,Public,104.0,134.0,97.0,125.0,130.0,142.0,156.0,149.0,147.0,150.0,128.0,128.0,122.0,120.0,120.0,118.0,121.0,122.0,122.0,156.0,152.0,178.0,175.0
datastructure,WB.DATA360:DS_DATA360(1.2),I,A,DEU,RWB_PFI_RANK,_Z,_Z,_Z,RANK,_Z,_Z,_Z,RANK,RWB_PFI,602,0,RWB_PFI,PU,A,Annual,Germany,Press Freedom Index Rank,Not applicable,Not applicable,Not applicable,Rank,Not Applicable,Not Applicable,Not Applicable,Rank,Press Freedom Index,CCYY,Units,Normal value,Public,7.0,8.0,11.0,18.0,23.0,20.0,20.0,18.0,17.0,18.0,17.0,14.0,12.0,16.0,16.0,15.0,13.0,11.0,13.0,16.0,21.0,10.0,11.0
datastructure,WB.DATA360:DS_DATA360(1.2),I,A,COL,RWB_PFI_RANK,_Z,_Z,_Z,RANK,_Z,_Z,_Z,RANK,RWB_PFI,602,0,RWB_PFI,PU,A,Annual,Colombia,Press Freedom Index Rank,Not applicable,Not applicable,Not applicable,Rank,Not Applicable,Not Applicable,Not Applicable,Rank,Press Freedom Index,CCYY,Units,Normal value,Public,114.0,147.0,134.0,128.0,131.0,126.0,126.0,126.0,145.0,143.0,129.0,126.0,128.0,134.0,129.0,130.0,129.0,130.0,134.0,145.0,139.0,119.0,115.0
datastructure,WB.DATA360:DS_DATA360(1.2),I,A,ERI,RWB_PFI_RANK,_Z,_Z,_Z,RANK,_Z,_Z,_Z,RANK,RWB_PFI,602,0,RWB_PFI,PU,A,Annual,Eritrea,Press Freedom Index Rank,Not applicable,Not applicable,Not applicable,Rank,Not Applicable,Not Applicable,Not Applicable,Rank,Press Freedom Index,CCYY,Units,Normal value,Public,132.0,162.0,163.0,166.0,166.0,169.0,173.0,175.0,178.0,179.0,179.0,180.0,180.0,180.0,179.0,179.0,178.0,178.0,180.0,179.0,174.0,180.0,180.0
datastructure,WB.DATA360:DS_DATA360(1.2),I,A,BEN,RWB_PFI_RANK,_Z,_Z,_Z,RANK,_Z,_Z,_Z,RANK,RWB_PFI,602,0,RWB_PFI,PU,A,Annual,Benin,Press Freedom Index Rank,Not applicable,Not applicable,Not applicable,Rank,Not Applicable,Not Applicable,Not Applicable,Rank,Press Freedom Index,CCYY,Units,Normal value,Public,21.0,29.0,27.0,25.0,24.0,53.0,70.0,72.0,70.0,91.0,79.0,75.0,84.0,78.0,78.0,84.0,96.0,113.0,114.0,121.0,112.0,89.0,92.0
datastructure,WB.DATA360:DS_DATA360(1.2),I,A,GMB,RWB_PFI_RANK,_Z,_Z,_Z,RANK,_Z,_Z,_Z,RANK,RWB_PFI,602,0,RWB_PFI,PU,A,Annual,"Gambia, The",Press Freedom Index Rank,Not applicable,Not applicable,Not applicable,Rank,Not Applicable,Not Applicable,Not Applicable,Rank,Press Freedom Index,CCYY,Units,Normal value,Public,64.0,77.0,98.0,130.0,149.0,130.0,137.0,137.0,125.0,141.0,152.0,155.0,151.0,145.0,143.0,122.0,92.0,87.0,85.0,50.0,46.0,58.0,58.0
datastructure,WB.DATA360:DS_DATA360(1.2),I,A,YUG,RWB_PFI_RANK,_Z,_Z,_Z,RANK,_Z,_Z,_Z,RANK,RWB_PFI,602,0,RWB_PFI,PU,A,Annual,Yugoslavia,Press Freedom Index Rank,Not applicable,Not applicable,Not applicable,Rank,Not Applicable,Not Applicable,Not Applicable,Rank,Press Freedom Index,CCYY,Units,Normal value,Public,60.0,,,,,,,,,,,,,,,,,,,,,,
datastructure,WB.DATA360:DS_DATA360(1.2),I,A,LSO,RWB_PFI_RANK,_Z,_Z,_Z,RANK,_Z,_Z,_Z,RANK,RWB_PFI,602,0,RWB_PFI,PU,A,Annual,Lesotho,Press Freedom Index Rank,Not applicable,Not applicable,Not applicable,Rank,Not Applicable,Not Applicable,Not Applicable,Rank,Press Freedom Index,CCYY,Units,Normal value,Public,,75.0,98.0,81.0,72.0,99.0,116.0,99.0,90.0,63.0,81.0,74.0,77.0,73.0,68.0,68.0,78.0,86.0,88.0,88.0,67.0,122.0,107.0
datastructure,WB.DATA360:DS_DATA360(1.2),I,A,ZAF,RWB_PFI_RANK,_Z,_Z,_Z,RANK,_Z,_Z,_Z,RANK,RWB_PFI,602,0,RWB_PFI,PU,A,Annual,South Africa,Press Freedom Index Rank,Not applicable,Not applicable,Not applicable,Rank,Not Applicable,Not Applicable,Not Applicable,Rank,Press Freedom Index,CCYY,Units,Normal value,Public,26.0,21.0,26.0,31.0,44.0,43.0,36.0,33.0,38.0,42.0,52.0,42.0,39.0,39.0,31.0,28.0,31.0,31.0,32.0,35.0,25.0,38.0,27.0
datastructure,WB.DATA360:DS_DATA360(1.2),I,A,EST,RWB_PFI_RANK,_Z,_Z,_Z,RANK,_Z,_Z,_Z,RANK,RWB_PFI,602,0,RWB_PFI,PU,A,Annual,Estonia,Press Freedom Index Rank,Not applicable,Not applicable,Not applicable,Rank,Not Applicable,Not Applicable,Not Applicable,Rank,Press Freedom Index,CCYY,Units,Normal value,Public,,12.0,11.0,11.0,6.0,3.0,4.0,6.0,9.0,3.0,11.0,11.0,10.0,14.0,12.0,12.0,11.0,14.0,15.0,4.0,8.0,6.0,2.0
datastructure,WB.DATA360:DS_DATA360(1.2),I,A,SYR,RWB_PFI_RANK,_Z,_Z,_Z,RANK,_Z,_Z,_Z,RANK,RWB_PFI,602,0,RWB_PFI,PU,A,Annual,Syrian Arab Republic,Press Freedom Index Rank,Not applicable,Not applicable,Not applicable,Rank,Not Applicable,Not Applicable,Not Applicable,Rank,Press Freedom Index,CCYY,Units,Normal value,Public,126.0,155.0,155.0,145.0,153.0,154.0,159.0,165.0,173.0,176.0,176.0,177.0,177.0,177.0,177.0,177.0,174.0,174.0,173.0,171.0,175.0,179.0,177.0
datastructure,WB.DATA360:DS_DATA360(1.2),I,A,POL,RWB_PFI_RANK,_Z,_Z,_Z,RANK,_Z,_Z,_Z,RANK,RWB_PFI,602,0,RWB_PFI,PU,A,Annual,Poland,Press Freedom Index Rank,Not applicable,Not applicable,Not applicable,Rank,Not Applicable,Not Applicable,Not Applicable,Rank,Press Freedom Index,CCYY,Units,Normal value,Public,30.0,33.0,32.0,53.0,60.0,56.0,47.0,37.0,32.0,24.0,22.0,19.0,18.0,47.0,54.0,58.0,59.0,62.0,64.0,66.0,57.0,47.0,31.0
datastructure,WB.DATA360:DS_DATA360(1.2),I,A,BEL,RWB_PFI_RANK,_Z,_Z,_Z,RANK,_Z,_Z,_Z,RANK,RWB_PFI,602,0,RWB_PFI,PU,A,Annual,Belgium,Press Freedom Index Rank,Not applicable,Not applicable,Not applicable,Rank,Not Applicable,Not Applicable,Not Applicable,Rank,Press Freedom Index,CCYY,Units,Normal value,Public,13.0,7.0,22.0,18.0,14.0,5.0,7.0,11.0,14.0,20.0,21.0,23.0,15.0,13.0,9.0,7.0,9.0,12.0,11.0,23.0,31.0,16.0,18.0
datastructure,WB.DATA360:DS_DATA360(1.2),I,A,SRB,RWB_PFI_RANK,_Z,_Z,_Z,RANK,_Z,_Z,_Z,RANK,RWB_PFI,602,0,RWB_PFI,PU,A,Annual,Serbia,Press Freedom Index Rank,Not applicable,Not applicable,Not applicable,Rank,Not Applicable,Not Applicable,Not Applicable,Rank,Press Freedom Index,CCYY,Units,Normal value,Public,,,,,,67.0,64.0,62.0,85.0,80.0,63.0,54.0,67.0,59.0,66.0,76.0,90.0,93.0,93.0,79.0,91.0,98.0,96.0
datastructure,WB.DATA360:DS_DATA360(1.2),I,A,GRD,RWB_PFI_RANK,_Z,_Z,_Z,RANK,_Z,_Z,_Z,RANK,RWB_PFI,602,0,RWB_PFI,PU,A,Annual,Grenada,Press Freedom Index Rank,Not applicable,Not applicable,Not applicable,Rank,Not Applicable,Not Applicable,Not Applicable,Rank,Press Freedom Index,CCYY,Units,Normal value,Public,,,55.0,,,,,,,,,,,,,,,,,,,,
datastructure,WB.DATA360:DS_DATA360(1.2),I,A,MLI,RWB_PFI_RANK,_Z,_Z,_Z,RANK,_Z,_Z,_Z,RANK,RWB_PFI,602,0,RWB_PFI,PU,A,Annual,Mali,Press Freedom Index Rank,Not applicable,Not applicable,Not applicable,Rank,Not Applicable,Not Applicable,Not Applicable,Rank,Press Freedom Index,CCYY,Units,Normal value,Public,44.0,56.0,56.0,37.0,38.0,52.0,31.0,30.0,28.0,25.0,99.0,122.0,118.0,122.0,116.0,115.0,112.0,108.0,99.0,111.0,113.0,114.0,119.0
datastructure,WB.DATA360:DS_DATA360(1.2),I,A,PRT,RWB_PFI_RANK,_Z,_Z,_Z,RANK,_Z,_Z,_Z,RANK,RWB_PFI,602,0,RWB_PFI,PU,A,Annual,Portugal,Press Freedom Index Rank,Not applicable,Not applicable,Not applicable,Rank,Not Applicable,Not Applicable,Not Applicable,Rank,Press Freedom Index,CCYY,Units,Normal value,Public,8.0,28.0,25.0,23.0,12.0,8.0,16.0,30.0,40.0,33.0,28.0,30.0,26.0,23.0,18.0,14.0,12.0,10.0,9.0,7.0,9.0,7.0,8.0
datastructure,WB.DATA360:DS_DATA360(1.2),I,A,BDI,RWB_PFI_RANK,_Z,_Z,_Z,RANK,_Z,_Z,_Z,RANK,RWB_PFI,602,0,RWB_PFI,PU,A,Annual,Burundi,Press Freedom Index Rank,Not applicable,Not applicable,Not applicable,Rank,Not Applicable,Not Applicable,Not Applicable,Rank,Press Freedom Index,CCYY,Units,Normal value,Public,72.0,92.0,73.0,90.0,125.0,127.0,94.0,103.0,108.0,130.0,132.0,142.0,145.0,156.0,160.0,159.0,159.0,160.0,147.0,107.0,114.0,108.0,125.0
datastructure,WB.DATA360:DS_DATA360(1.2),I,A,CAF,RWB_PFI_RANK,_Z,_Z,_Z,RANK,_Z,_Z,_Z,RANK,RWB_PFI,602,0,RWB_PFI,PU,A,Annual,Central African Republic,Press Freedom Index Rank,Not applicable,Not applicable,Not applicable,Rank,Not Applicable,Not Applicable,Not Applicable,Rank,Press Freedom Index,CCYY,Units,Normal value,Public,63.0,107.0,104.0,82.0,65.0,71.0,85.0,80.0,69.0,62.0,65.0,109.0,110.0,110.0,113.0,112.0,145.0,132.0,126.0,101.0,98.0,76.0,72.0
datastructure,WB.DATA360:DS_DATA360(1.2),I,A,MNG,RWB_PFI_RANK,_Z,_Z,_Z,RANK,_Z,_Z,_Z,RANK,RWB_PFI,602,0,RWB_PFI,PU,A,Annual,Mongolia,Press Freedom Index Rank,Not applicable,Not applicable,Not applicable,Rank,Not Applicable,Not Applicable,Not Applicable,Rank,Press Freedom Index,CCYY,Units,Normal value,Public,73.0,77.0,73.0,53.0,86.0,74.0,93.0,91.0,76.0,100.0,98.0,88.0,54.0,60.0,69.0,71.0,70.0,73.0,68.0,90.0,88.0,109.0,102.0
datastructure,WB.DATA360:DS_DATA360(1.2),I,A,NAM,RWB_PFI_RANK,_Z,_Z,_Z,RANK,_Z,_Z,_Z,RANK,RWB_PFI,602,0,RWB_PFI,PU,A,Annual,Namibia,Press Freedom Index Rank,Not applicable,Not applicable,Not applicable,Rank,Not Applicable,Not Applicable,Not Applicable,Rank,Press Freedom Index,CCYY,Units,Normal value,Public,31.0,56.0,42.0,25.0,26.0,25.0,23.0,35.0,22.0,21.0,19.0,22.0,17.0,17.0,24.0,26.0,23.0,23.0,24.0,18.0,22.0,34.0,28.0
datastructure,WB.DATA360:DS_DATA360(1.2),I,A,JOR,RWB_PFI_RANK,_Z,_Z,_Z,RANK,_Z,_Z,_Z,RANK,RWB_PFI,602,0,RWB_PFI,PU,A,Annual,Jordan,Press Freedom Index Rank,Not applicable,Not applicable,Not applicable,Rank,Not Applicable,Not Applicable,Not Applicable,Rank,Press Freedom Index,CCYY,Units,Normal value,Public,99.0,122.0,121.0,96.0,110.0,122.0,128.0,112.0,120.0,128.0,134.0,141.0,143.0,135.0,138.0,132.0,130.0,128.0,129.0,120.0,146.0,132.0,147.0
datastructure,WB.DATA360:DS_DATA360(1.2),I,A,GEO,RWB_PFI_RANK,_Z,_Z,_Z,RANK,_Z,_Z,_Z,RANK,RWB_PFI,602,0,RWB_PFI,PU,A,Annual,Georgia,Press Freedom Index Rank,Not applicable,Not applicable,Not applicable,Rank,Not Applicable,Not Applicable,Not Applicable,Rank,Press Freedom Index,CCYY,Units,Normal value,Public,,73.0,94.0,99.0,89.0,66.0,120.0,81.0,100.0,105.0,100.0,84.0,69.0,64.0,64.0,61.0,60.0,60.0,60.0,89.0,77.0,103.0,114.0
datastructure,WB.DATA360:DS_DATA360(1.2),I,A,AND,RWB_PFI_RANK,_Z,_Z,_Z,RANK,_Z,_Z,_Z,RANK,RWB_PFI,602,0,RWB_PFI,PU,A,Annual,Andorra,Press Freedom Index Rank,Not applicable,Not applicable,Not applicable,Rank,Not Applicable,Not Applicable,Not Applicable,Rank,Press Freedom Index,CCYY,Units,Normal value,Public,,,,,,,,,,,5.0,5.0,32.0,33.0,35.0,37.0,37.0,37.0,39.0,53.0,37.0,72.0,65.0
datastructure,WB.DATA360:DS_DATA360(1.2),I,A,AGO,RWB_PFI_RANK,_Z,_Z,_Z,RANK,_Z,_Z,_Z,RANK,RWB_PFI,602,0,RWB_PFI,PU,A,Annual,Angola,Press Freedom Index Rank,Not applicable,Not applicable,Not applicable,Rank,Not Applicable,Not Applicable,Not Applicable,Rank,Press Freedom Index,CCYY,Units,Normal value,Public,93.0,97.0,91.0,76.0,91.0,91.0,116.0,119.0,104.0,132.0,130.0,124.0,123.0,123.0,125.0,121.0,109.0,106.0,103.0,99.0,125.0,104.0,100.0
datastructure,WB.DATA360:DS_DATA360(1.2),I,A,IRQ,RWB_PFI_RANK,_Z,_Z,_Z,RANK,_Z,_Z,_Z,RANK,RWB_PFI,602,0,RWB_PFI,PU,A,Annual,Iraq,Press Freedom Index Rank,Not applicable,Not applicable,Not applicable,Rank,Not Applicable,Not Applicable,Not Applicable,Rank,Press Freedom Index,CCYY,Units,Normal value,Public,130.0,124.0,148.0,157.0,154.0,157.0,158.0,145.0,130.0,152.0,150.0,153.0,156.0,158.0,158.0,160.0,156.0,162.0,163.0,172.0,167.0,169.0,155.0
datastructure,WB.DATA360:DS_DATA360(1.2),I,A,MEX,RWB_PFI_RANK,_Z,_Z,_Z,RANK,_Z,_Z,_Z,RANK,RWB_PFI,602,0,RWB_PFI,PU,A,Annual,Mexico,Press Freedom Index Rank,Not applicable,Not applicable,Not applicable,Rank,Not Applicable,Not Applicable,Not Applicable,Rank,Press Freedom Index,CCYY,Units,Normal value,Public,76.0,74.0,96.0,135.0,132.0,136.0,140.0,137.0,136.0,149.0,153.0,152.0,148.0,149.0,147.0,147.0,144.0,143.0,143.0,127.0,128.0,121.0,124.0
datastructure,WB.DATA360:DS_DATA360(1.2),I,A,BLR,RWB_PFI_RANK,_Z,_Z,_Z,RANK,_Z,_Z,_Z,RANK,RWB_PFI,602,0,RWB_PFI,PU,A,Annual,Belarus,Press Freedom Index Rank,Not applicable,Not applicable,Not applicable,Rank,Not Applicable,Not Applicable,Not Applicable,Rank,Press Freedom Index,CCYY,Units,Normal value,Public,124.0,151.0,144.0,152.0,151.0,151.0,154.0,151.0,154.0,168.0,157.0,157.0,157.0,157.0,153.0,155.0,153.0,153.0,158.0,153.0,157.0,167.0,166.0
datastructure,WB.DATA360:DS_DATA360(1.2),I,A,MKD,RWB_PFI_RANK,_Z,_Z,_Z,RANK,_Z,_Z,_Z,RANK,RWB_PFI,602,0,RWB_PFI,PU,A,Annual,North Macedonia,Press Freedom Index Rank,Not applicable,Not applicable,Not applicable,Rank,Not Applicable,Not Applicable,Not Applicable,Rank,Press Freedom Index,CCYY,Units,Normal value,Public,,51.0,49.0,43.0,46.0,36.0,42.0,34.0,68.0,94.0,116.0,123.0,117.0,118.0,111.0,109.0,95.0,92.0,90.0,57.0,38.0,36.0,42.0
datastructure,WB.DATA360:DS_DATA360(1.2),I,A,HKG,RWB_PFI_RANK,_Z,_Z,_Z,RANK,_Z,_Z,_Z,RANK,RWB_PFI,602,0,RWB_PFI,PU,A,Annual,"Hong Kong SAR, China",Press Freedom Index Rank,Not applicable,Not applicable,Not applicable,Rank,Not Applicable,Not Applicable,Not Applicable,Rank,Press Freedom Index,CCYY,Units,Normal value,Public,18.0,56.0,34.0,39.0,59.0,61.0,51.0,48.0,34.0,54.0,58.0,61.0,70.0,69.0,73.0,70.0,73.0,80.0,80.0,148.0,140.0,135.0,140.0
datastructure,WB.DATA360:DS_DATA360(1.2),I,A,SLE,RWB_PFI_RANK,_Z,_Z,_Z,RANK,_Z,_Z,_Z,RANK,RWB_PFI,602,0,RWB_PFI,PU,A,Annual,Sierra Leone,Press Freedom Index Rank,Not applicable,Not applicable,Not applicable,Rank,Not Applicable,Not Applicable,Not Applicable,Rank,Press Freedom Index,CCYY,Units,Normal value,Public,74.0,87.0,88.0,126.0,104.0,121.0,114.0,115.0,91.0,64.0,61.0,72.0,79.0,83.0,85.0,79.0,86.0,85.0,75.0,46.0,74.0,64.0,56.0
datastructure,WB.DATA360:DS_DATA360(1.2),I,A,KEN,RWB_PFI_RANK,_Z,_Z,_Z,RANK,_Z,_Z,_Z,RANK,RWB_PFI,602,0,RWB_PFI,PU,A,Annual,Kenya,Press Freedom Index Rank,Not applicable,Not applicable,Not applicable,Rank,Not Applicable,Not Applicable,Not Applicable,Rank,Press Freedom Index,CCYY,Units,Normal value,Public,75.0,79.0,82.0,109.0,118.0,78.0,97.0,96.0,74.0,84.0,71.0,90.0,100.0,95.0,95.0,96.0,100.0,103.0,102.0,69.0,116.0,102.0,117.0
datastructure,WB.DATA360:DS_DATA360(1.2),I,A,PER,RWB_PFI_RANK,_Z,_Z,_Z,RANK,_Z,_Z,_Z,RANK,RWB_PFI,602,0,RWB_PFI,PU,A,Annual,Peru,Press Freedom Index Rank,Not applicable,Not applicable,Not applicable,Rank,Not Applicable,Not Applicable,Not Applicable,Rank,Press Freedom Index,CCYY,Units,Normal value,Public,37.0,55.0,123.0,116.0,113.0,117.0,108.0,85.0,109.0,115.0,105.0,104.0,92.0,84.0,90.0,88.0,85.0,90.0,91.0,77.0,110.0,125.0,130.0
datastructure,WB.DATA360:DS_DATA360(1.2),I,A,USA,RWB_PFI_RANK,_Z,_Z,_Z,RANK,_Z,_Z,_Z,RANK,RWB_PFI,602,0,RWB_PFI,PU,A,Annual,United States,Press Freedom Index Rank,Not applicable,Not applicable,Not applicable,Rank,Not Applicable,Not Applicable,Not Applicable,Rank,Press Freedom Index,CCYY,Units,Normal value,Public,17.0,,,,,,,,,,32.0,46.0,49.0,41.0,43.0,45.0,48.0,45.0,44.0,42.0,45.0,55.0,57.0
datastructure,WB.DATA360:DS_DATA360(1.2),I,A,MWI,RWB_PFI_RANK,_Z,_Z,_Z,RANK,_Z,_Z,_Z,RANK,RWB_PFI,602,0,RWB_PFI,PU,A,Annual,Malawi,Press Freedom Index Rank,Not applicable,Not applicable,Not applicable,Rank,Not Applicable,Not Applicable,Not Applicable,Rank,Press Freedom Index,CCYY,Units,Normal value,Public,84.0,84.0,101.0,89.0,102.0,92.0,70.0,62.0,79.0,147.0,75.0,73.0,59.0,66.0,70.0,64.0,68.0,69.0,62.0,80.0,82.0,63.0,76.0
datastructure,WB.DATA360:DS_DATA360(1.2),I,A,ARM,RWB_PFI_RANK,_Z,_Z,_Z,RANK,_Z,_Z,_Z,RANK,RWB_PFI,602,0,RWB_PFI,PU,A,Annual,Armenia,Press Freedom Index Rank,Not applicable,Not applicable,Not applicable,Rank,Not Applicable,Not Applicable,Not Applicable,Rank,Press Freedom Index,CCYY,Units,Normal value,Public,,90.0,83.0,102.0,101.0,77.0,102.0,111.0,101.0,77.0,74.0,78.0,78.0,74.0,79.0,80.0,61.0,61.0,63.0,51.0,49.0,43.0,34.0
datastructure,WB.DATA360:DS_DATA360(1.2),I,A,AUT,RWB_PFI_RANK,_Z,_Z,_Z,RANK,_Z,_Z,_Z,RANK,RWB_PFI,602,0,RWB_PFI,PU,A,Annual,Austria,Press Freedom Index Rank,Not applicable,Not applicable,Not applicable,Rank,Not Applicable,Not Applicable,Not Applicable,Rank,Press Freedom Index,CCYY,Units,Normal value,Public,27.0,16.0,17.0,16.0,16.0,16.0,14.0,13.0,7.0,5.0,12.0,12.0,7.0,11.0,11.0,11.0,16.0,18.0,17.0,31.0,29.0,32.0,22.0
datastructure,WB.DATA360:DS_DATA360(1.2),I,A,GNB,RWB_PFI_RANK,_Z,_Z,_Z,RANK,_Z,_Z,_Z,RANK,RWB_PFI,602,0,RWB_PFI,PU,A,Annual,Guinea-Bissau,Press Freedom Index Rank,Not applicable,Not applicable,Not applicable,Rank,Not Applicable,Not Applicable,Not Applicable,Rank,Press Freedom Index,CCYY,Units,Normal value,Public,94.0,118.0,83.0,71.0,63.0,107.0,81.0,92.0,67.0,75.0,92.0,86.0,81.0,79.0,77.0,83.0,89.0,94.0,95.0,92.0,78.0,92.0,110.0
datastructure,WB.DATA360:DS_DATA360(1.2),I,A,MRT,RWB_PFI_RANK,_Z,_Z,_Z,RANK,_Z,_Z,_Z,RANK,RWB_PFI,602,0,RWB_PFI,PU,A,Annual,Mauritania,Press Freedom Index Rank,Not applicable,Not applicable,Not applicable,Rank,Not Applicable,Not Applicable,Not Applicable,Rank,Press Freedom Index,CCYY,Units,Normal value,Public,115.0,121.0,138.0,127.0,78.0,50.0,105.0,100.0,95.0,67.0,67.0,60.0,55.0,48.0,55.0,72.0,94.0,97.0,94.0,97.0,86.0,33.0,50.0
datastructure,WB.DATA360:DS_DATA360(1.2),I,A,GNQ,RWB_PFI_RANK,_Z,_Z,_Z,RANK,_Z,_Z,_Z,RANK,RWB_PFI,602,0,RWB_PFI,PU,A,Annual,Equatorial Guinea,Press Freedom Index Rank,Not applicable,Not applicable,Not applicable,Rank,Not Applicable,Not Applicable,Not Applicable,Rank,Press Freedom Index,CCYY,Units,Normal value,Public,117.0,139.0,133.0,133.0,138.0,153.0,156.0,158.0,167.0,161.0,166.0,168.0,167.0,168.0,171.0,171.0,165.0,165.0,164.0,141.0,120.0,127.0,118.0
datastructure,WB.DATA360:DS_DATA360(1.2),I,A,HND,RWB_PFI_RANK,_Z,_Z,_Z,RANK,_Z,_Z,_Z,RANK,RWB_PFI,602,0,RWB_PFI,PU,A,Annual,Honduras,Press Freedom Index Rank,Not applicable,Not applicable,Not applicable,Rank,Not Applicable,Not Applicable,Not Applicable,Rank,Press Freedom Index,CCYY,Units,Normal value,Public,,65.0,53.0,76.0,64.0,87.0,99.0,128.0,143.0,136.0,127.0,129.0,132.0,137.0,140.0,141.0,146.0,148.0,151.0,165.0,169.0,146.0,142.0
datastructure,WB.DATA360:DS_DATA360(1.2),I,A,GBR,RWB_PFI_RANK,_Z,_Z,_Z,RANK,_Z,_Z,_Z,RANK,RWB_PFI,602,0,RWB_PFI,PU,A,Annual,United Kingdom,Press Freedom Index Rank,Not applicable,Not applicable,Not applicable,Rank,Not Applicable,Not Applicable,Not Applicable,Rank,Press Freedom Index,CCYY,Units,Normal value,Public,22.0,27.0,28.0,24.0,28.0,24.0,23.0,20.0,19.0,28.0,29.0,33.0,34.0,38.0,40.0,40.0,33.0,35.0,33.0,24.0,26.0,23.0,20.0
datastructure,WB.DATA360:DS_DATA360(1.2),I,A,EGY,RWB_PFI_RANK,_Z,_Z,_Z,RANK,_Z,_Z,_Z,RANK,RWB_PFI,602,0,RWB_PFI,PU,A,Annual,"Egypt, Arab Rep.",Press Freedom Index Rank,Not applicable,Not applicable,Not applicable,Rank,Not Applicable,Not Applicable,Not Applicable,Rank,Press Freedom Index,CCYY,Units,Normal value,Public,102.0,110.0,128.0,143.0,133.0,146.0,146.0,143.0,127.0,166.0,158.0,159.0,158.0,159.0,161.0,161.0,163.0,166.0,166.0,168.0,166.0,170.0,170.0
datastructure,WB.DATA360:DS_DATA360(1.2),I,A,LUX,RWB_PFI_RANK,_Z,_Z,_Z,RANK,_Z,_Z,_Z,RANK,RWB_PFI,602,0,RWB_PFI,PU,A,Annual,Luxembourg,Press Freedom Index Rank,Not applicable,Not applicable,Not applicable,Rank,Not Applicable,Not Applicable,Not Applicable,Rank,Press Freedom Index,CCYY,Units,Normal value,Public,,,,,,,1.0,20.0,15.0,7.0,4.0,4.0,19.0,15.0,15.0,17.0,17.0,17.0,20.0,21.0,20.0,11.0,13.0
datastructure,WB.DATA360:DS_DATA360(1.2),I,A,UKR,RWB_PFI_RANK,_Z,_Z,_Z,RANK,_Z,_Z,_Z,RANK,RWB_PFI,602,0,RWB_PFI,PU,A,Annual,Ukraine,Press Freedom Index Rank,Not applicable,Not applicable,Not applicable,Rank,Not Applicable,Not Applicable,Not Applicable,Rank,Press Freedom Index,CCYY,Units,Normal value,Public,112.0,132.0,138.0,112.0,106.0,92.0,87.0,89.0,131.0,116.0,126.0,127.0,129.0,107.0,102.0,101.0,102.0,96.0,97.0,106.0,79.0,61.0,62.0
datastructure,WB.DATA360:DS_DATA360(1.2),I,A,ESP,RWB_PFI_RANK,_Z,_Z,_Z,RANK,_Z,_Z,_Z,RANK,RWB_PFI,602,0,RWB_PFI,PU,A,Annual,Spain,Press Freedom Index Rank,Not applicable,Not applicable,Not applicable,Rank,Not Applicable,Not Applicable,Not Applicable,Rank,Press Freedom Index,CCYY,Units,Normal value,Public,29.0,42.0,39.0,40.0,42.0,33.0,36.0,44.0,39.0,39.0,36.0,35.0,33.0,34.0,29.0,31.0,29.0,29.0,29.0,32.0,36.0,30.0,23.0
datastructure,WB.DATA360:DS_DATA360(1.2),I,A,TZA,RWB_PFI_RANK,_Z,_Z,_Z,RANK,_Z,_Z,_Z,RANK,RWB_PFI,602,0,RWB_PFI,PU,A,Annual,Tanzania,Press Freedom Index Rank,Not applicable,Not applicable,Not applicable,Rank,Not Applicable,Not Applicable,Not Applicable,Rank,Press Freedom Index,CCYY,Units,Normal value,Public,62.0,69.0,61.0,74.0,88.0,55.0,70.0,62.0,41.0,34.0,70.0,69.0,75.0,71.0,83.0,93.0,118.0,124.0,124.0,123.0,143.0,97.0,95.0
datastructure,WB.DATA360:DS_DATA360(1.2),I,A,HUN,RWB_PFI_RANK,_Z,_Z,_Z,RANK,_Z,_Z,_Z,RANK,RWB_PFI,602,0,RWB_PFI,PU,A,Annual,Hungary,Press Freedom Index Rank,Not applicable,Not applicable,Not applicable,Rank,Not Applicable,Not Applicable,Not Applicable,Rank,Press Freedom Index,CCYY,Units,Normal value,Public,25.0,21.0,28.0,12.0,10.0,17.0,23.0,25.0,23.0,40.0,56.0,64.0,65.0,67.0,71.0,73.0,87.0,89.0,92.0,85.0,72.0,67.0,68.0
datastructure,WB.DATA360:DS_DATA360(1.2),I,A,MYS,RWB_PFI_RANK,_Z,_Z,_Z,RANK,_Z,_Z,_Z,RANK,RWB_PFI,602,0,RWB_PFI,PU,A,Annual,Malaysia,Press Freedom Index Rank,Not applicable,Not applicable,Not applicable,Rank,Not Applicable,Not Applicable,Not Applicable,Rank,Press Freedom Index,CCYY,Units,Normal value,Public,110.0,104.0,122.0,113.0,92.0,124.0,132.0,131.0,141.0,124.0,145.0,147.0,147.0,146.0,144.0,145.0,123.0,101.0,119.0,113.0,73.0,107.0,88.0
datastructure,WB.DATA360:DS_DATA360(1.2),I,A,MDA,RWB_PFI_RANK,_Z,_Z,_Z,RANK,_Z,_Z,_Z,RANK,RWB_PFI,602,0,RWB_PFI,PU,A,Annual,Moldova,Press Freedom Index Rank,Not applicable,Not applicable,Not applicable,Rank,Not Applicable,Not Applicable,Not Applicable,Rank,Press Freedom Index,CCYY,Units,Normal value,Public,,94.0,78.0,74.0,85.0,81.0,98.0,114.0,75.0,53.0,55.0,56.0,72.0,76.0,80.0,81.0,91.0,91.0,89.0,40.0,28.0,31.0,35.0
datastructure,WB.DATA360:DS_DATA360(1.2),I,A,MMR,RWB_PFI_RANK,_Z,_Z,_Z,RANK,_Z,_Z,_Z,RANK,RWB_PFI,602,0,RWB_PFI,PU,A,Annual,Myanmar,Press Freedom Index Rank,Not applicable,Not applicable,Not applicable,Rank,Not Applicable,Not Applicable,Not Applicable,Rank,Press Freedom Index,CCYY,Units,Normal value,Public,137.0,164.0,165.0,163.0,164.0,164.0,170.0,171.0,174.0,169.0,151.0,145.0,144.0,143.0,131.0,137.0,138.0,139.0,140.0,176.0,173.0,171.0,169.0
datastructure,WB.DATA360:DS_DATA360(1.2),I,A,BIH,RWB_PFI_RANK,_Z,_Z,_Z,RANK,_Z,_Z,_Z,RANK,RWB_PFI,602,0,RWB_PFI,PU,A,Annual,Bosnia and Herzegovina,Press Freedom Index Rank,Not applicable,Not applicable,Not applicable,Rank,Not Applicable,Not Applicable,Not Applicable,Rank,Press Freedom Index,CCYY,Units,Normal value,Public,43.0,37.0,21.0,33.0,19.0,34.0,36.0,39.0,47.0,59.0,68.0,66.0,66.0,68.0,65.0,62.0,63.0,58.0,58.0,67.0,64.0,81.0,86.0
datastructure,WB.DATA360:DS_DATA360(1.2),I,A,TCD,RWB_PFI_RANK,_Z,_Z,_Z,RANK,_Z,_Z,_Z,RANK,RWB_PFI,602,0,RWB_PFI,PU,A,Annual,Chad,Press Freedom Index Rank,Not applicable,Not applicable,Not applicable,Rank,Not Applicable,Not Applicable,Not Applicable,Rank,Press Freedom Index,CCYY,Units,Normal value,Public,87.0,88.0,106.0,109.0,124.0,113.0,133.0,132.0,112.0,103.0,121.0,139.0,135.0,127.0,121.0,123.0,122.0,123.0,123.0,104.0,109.0,96.0,108.0
datastructure,WB.DATA360:DS_DATA360(1.2),I,A,ETH,RWB_PFI_RANK,_Z,_Z,_Z,RANK,_Z,_Z,_Z,RANK,RWB_PFI,602,0,RWB_PFI,PU,A,Annual,Ethiopia,Press Freedom Index Rank,Not applicable,Not applicable,Not applicable,Rank,Not Applicable,Not Applicable,Not Applicable,Rank,Press Freedom Index,CCYY,Units,Normal value,Public,107.0,124.0,112.0,131.0,160.0,150.0,142.0,140.0,139.0,127.0,137.0,143.0,142.0,142.0,150.0,150.0,110.0,99.0,101.0,114.0,130.0,141.0,145.0
datastructure,WB.DATA360:DS_DATA360(1.2),I,A,ECU,RWB_PFI_RANK,_Z,_Z,_Z,RANK,_Z,_Z,_Z,RANK,RWB_PFI,602,0,RWB_PFI,PU,A,Annual,Ecuador,Press Freedom Index Rank,Not applicable,Not applicable,Not applicable,Rank,Not Applicable,Not Applicable,Not Applicable,Rank,Press Freedom Index,CCYY,Units,Normal value,Public,20.0,42.0,66.0,87.0,68.0,56.0,74.0,84.0,102.0,104.0,119.0,95.0,108.0,109.0,105.0,92.0,97.0,98.0,96.0,68.0,80.0,110.0,94.0
datastructure,WB.DATA360:DS_DATA360(1.2),I,A,CIV,RWB_PFI_RANK,_Z,_Z,_Z,RANK,_Z,_Z,_Z,RANK,RWB_PFI,602,0,RWB_PFI,PU,A,Annual,Cote d'Ivoire,Press Freedom Index Rank,Not applicable,Not applicable,Not applicable,Rank,Not Applicable,Not Applicable,Not Applicable,Rank,Press Freedom Index,CCYY,Units,Normal value,Public,55.0,137.0,149.0,144.0,99.0,94.0,109.0,103.0,118.0,159.0,96.0,101.0,86.0,86.0,81.0,82.0,71.0,68.0,66.0,37.0,54.0,53.0,64.0
datastructure,WB.DATA360:DS_DATA360(1.2),I,A,COG,RWB_PFI_RANK,_Z,_Z,_Z,RANK,_Z,_Z,_Z,RANK,RWB_PFI,602,0,RWB_PFI,PU,A,Annual,"Congo, Rep.",Press Freedom Index Rank,Not applicable,Not applicable,Not applicable,Rank,Not Applicable,Not Applicable,Not Applicable,Rank,Press Freedom Index,CCYY,Units,Normal value,Public,69.0,63.0,69.0,71.0,73.0,80.0,92.0,116.0,114.0,90.0,76.0,82.0,107.0,115.0,115.0,114.0,117.0,118.0,118.0,93.0,81.0,69.0,71.0
datastructure,WB.DATA360:DS_DATA360(1.2),I,A,DZA,RWB_PFI_RANK,_Z,_Z,_Z,RANK,_Z,_Z,_Z,RANK,RWB_PFI,602,0,RWB_PFI,PU,A,Annual,Algeria,Press Freedom Index Rank,Not applicable,Not applicable,Not applicable,Rank,Not Applicable,Not Applicable,Not Applicable,Rank,Press Freedom Index,CCYY,Units,Normal value,Public,95.0,108.0,128.0,129.0,126.0,123.0,121.0,141.0,133.0,122.0,125.0,121.0,119.0,129.0,134.0,136.0,141.0,146.0,146.0,134.0,136.0,139.0,126.0
datastructure,WB.DATA360:DS_DATA360(1.2),I,A,AUS,RWB_PFI_RANK,_Z,_Z,_Z,RANK,_Z,_Z,_Z,RANK,RWB_PFI,602,0,RWB_PFI,PU,A,Annual,Australia,Press Freedom Index Rank,Not applicable,Not applicable,Not applicable,Rank,Not Applicable,Not Applicable,Not Applicable,Rank,Press Freedom Index,CCYY,Units,Normal value,Public,12.0,50.0,41.0,31.0,35.0,28.0,28.0,16.0,18.0,30.0,26.0,28.0,25.0,25.0,19.0,19.0,21.0,26.0,25.0,39.0,27.0,39.0,29.0
datastructure,WB.DATA360:DS_DATA360(1.2),I,A,LKA,RWB_PFI_RANK,_Z,_Z,_Z,RANK,_Z,_Z,_Z,RANK,RWB_PFI,602,0,RWB_PFI,PU,A,Annual,Sri Lanka,Press Freedom Index Rank,Not applicable,Not applicable,Not applicable,Rank,Not Applicable,Not Applicable,Not Applicable,Rank,Press Freedom Index,CCYY,Units,Normal value,Public,51.0,89.0,109.0,115.0,141.0,156.0,165.0,162.0,158.0,163.0,162.0,165.0,165.0,141.0,141.0,131.0,126.0,127.0,127.0,146.0,135.0,150.0,139.0
datastructure,WB.DATA360:DS_DATA360(1.2),I,A,JAM,RWB_PFI_RANK,_Z,_Z,_Z,RANK,_Z,_Z,_Z,RANK,RWB_PFI,602,0,RWB_PFI,PU,A,Annual,Jamaica,Press Freedom Index Rank,Not applicable,Not applicable,Not applicable,Rank,Not Applicable,Not Applicable,Not Applicable,Rank,Press Freedom Index,CCYY,Units,Normal value,Public,,21.0,24.0,34.0,25.0,27.0,21.0,23.0,25.0,17.0,13.0,17.0,9.0,10.0,8.0,6.0,8.0,6.0,7.0,12.0,32.0,24.0,26.0
datastructure,WB.DATA360:DS_DATA360(1.2),I,A,NGA,RWB_PFI_RANK,_Z,_Z,_Z,RANK,_Z,_Z,_Z,RANK,RWB_PFI,602,0,RWB_PFI,PU,A,Annual,Nigeria,Press Freedom Index Rank,Not applicable,Not applicable,Not applicable,Rank,Not Applicable,Not Applicable,Not Applicable,Rank,Press Freedom Index,CCYY,Units,Normal value,Public,49.0,103.0,117.0,123.0,120.0,131.0,131.0,135.0,146.0,126.0,115.0,112.0,111.0,116.0,122.0,119.0,120.0,115.0,120.0,129.0,123.0,112.0,122.0
datastructure,WB.DATA360:DS_DATA360(1.2),I,A,GHA,RWB_PFI_RANK,_Z,_Z,_Z,RANK,_Z,_Z,_Z,RANK,RWB_PFI,602,0,RWB_PFI,PU,A,Annual,Ghana,Press Freedom Index Rank,Not applicable,Not applicable,Not applicable,Rank,Not Applicable,Not Applicable,Not Applicable,Rank,Press Freedom Index,CCYY,Units,Normal value,Public,67.0,48.0,57.0,66.0,34.0,29.0,31.0,27.0,27.0,41.0,30.0,27.0,22.0,26.0,26.0,23.0,27.0,30.0,30.0,60.0,62.0,50.0,52.0
datastructure,WB.DATA360:DS_DATA360(1.2),I,A,SYC,RWB_PFI_RANK,_Z,_Z,_Z,RANK,_Z,_Z,_Z,RANK,RWB_PFI,602,0,RWB_PFI,PU,A,Annual,Seychelles,Press Freedom Index Rank,Not applicable,Not applicable,Not applicable,Rank,Not Applicable,Not Applicable,Not Applicable,Rank,Press Freedom Index,CCYY,Units,Normal value,Public,61.0,93.0,83.0,71.0,96.0,104.0,74.0,72.0,66.0,74.0,93.0,103.0,96.0,92.0,87.0,85.0,69.0,63.0,52.0,13.0,34.0,37.0,45.0
datastructure,WB.DATA360:DS_DATA360(1.2),I,A,DJI,RWB_PFI_RANK,_Z,_Z,_Z,RANK,_Z,_Z,_Z,RANK,RWB_PFI,602,0,RWB_PFI,PU,A,Annual,Djibouti,Press Freedom Index Rank,Not applicable,Not applicable,Not applicable,Rank,Not Applicable,Not Applicable,Not Applicable,Rank,Press Freedom Index,CCYY,Units,Normal value,Public,96.0,120.0,145.0,121.0,121.0,132.0,134.0,110.0,110.0,160.0,167.0,169.0,170.0,172.0,172.0,173.0,173.0,176.0,176.0,164.0,162.0,161.0,168.0
datastructure,WB.DATA360:DS_DATA360(1.2),I,A,UZB,RWB_PFI_RANK,_Z,_Z,_Z,RANK,_Z,_Z,_Z,RANK,RWB_PFI,602,0,RWB_PFI,PU,A,Annual,Uzbekistan,Press Freedom Index Rank,Not applicable,Not applicable,Not applicable,Rank,Not Applicable,Not Applicable,Not Applicable,Rank,Press Freedom Index,CCYY,Units,Normal value,Public,120.0,154.0,142.0,155.0,158.0,160.0,162.0,160.0,163.0,157.0,164.0,166.0,166.0,166.0,169.0,165.0,160.0,156.0,157.0,133.0,137.0,148.0,148.0
datastructure,WB.DATA360:DS_DATA360(1.2),I,A,SGP,RWB_PFI_RANK,_Z,_Z,_Z,RANK,_Z,_Z,_Z,RANK,RWB_PFI,602,0,RWB_PFI,PU,A,Annual,Singapore,Press Freedom Index Rank,Not applicable,Not applicable,Not applicable,Rank,Not Applicable,Not Applicable,Not Applicable,Rank,Press Freedom Index,CCYY,Units,Normal value,Public,,144.0,147.0,140.0,146.0,141.0,144.0,133.0,137.0,135.0,149.0,150.0,153.0,154.0,151.0,151.0,151.0,158.0,160.0,139.0,129.0,126.0,123.0
datastructure,WB.DATA360:DS_DATA360(1.2),I,A,BFA,RWB_PFI_RANK,_Z,_Z,_Z,RANK,_Z,_Z,_Z,RANK,RWB_PFI,602,0,RWB_PFI,PU,A,Annual,Burkina Faso,Press Freedom Index Rank,Not applicable,Not applicable,Not applicable,Rank,Not Applicable,Not Applicable,Not Applicable,Rank,Press Freedom Index,CCYY,Units,Normal value,Public,85.0,76.0,64.0,78.0,70.0,68.0,63.0,57.0,49.0,69.0,46.0,52.0,46.0,42.0,42.0,41.0,36.0,38.0,37.0,41.0,58.0,86.0,105.0
datastructure,WB.DATA360:DS_DATA360(1.2),I,A,LTU,RWB_PFI_RANK,_Z,_Z,_Z,RANK,_Z,_Z,_Z,RANK,RWB_PFI,602,0,RWB_PFI,PU,A,Annual,Lithuania,Press Freedom Index Rank,Not applicable,Not applicable,Not applicable,Rank,Not Applicable,Not Applicable,Not Applicable,Rank,Press Freedom Index,CCYY,Units,Normal value,Public,,17.0,16.0,21.0,27.0,23.0,16.0,10.0,13.0,31.0,33.0,32.0,31.0,35.0,36.0,36.0,30.0,28.0,28.0,9.0,7.0,13.0,14.0
datastructure,WB.DATA360:DS_DATA360(1.2),I,A,NZL,RWB_PFI_RANK,_Z,_Z,_Z,RANK,_Z,_Z,_Z,RANK,RWB_PFI,602,0,RWB_PFI,PU,A,Annual,New Zealand,Press Freedom Index Rank,Not applicable,Not applicable,Not applicable,Rank,Not Applicable,Not Applicable,Not Applicable,Rank,Press Freedom Index,CCYY,Units,Normal value,Public,,17.0,9.0,12.0,21.0,15.0,7.0,13.0,8.0,13.0,8.0,9.0,6.0,5.0,13.0,8.0,7.0,9.0,8.0,11.0,13.0,19.0,16.0
datastructure,WB.DATA360:DS_DATA360(1.2),I,A,BTN,RWB_PFI_RANK,_Z,_Z,_Z,RANK,_Z,_Z,_Z,RANK,RWB_PFI,602,0,RWB_PFI,PU,A,Annual,Bhutan,Press Freedom Index Rank,Not applicable,Not applicable,Not applicable,Rank,Not Applicable,Not Applicable,Not Applicable,Rank,Press Freedom Index,CCYY,Units,Normal value,Public,135.0,157.0,146.0,142.0,98.0,116.0,74.0,70.0,64.0,70.0,82.0,92.0,104.0,94.0,84.0,94.0,80.0,67.0,65.0,33.0,90.0,147.0,152.0
datastructure,WB.DATA360:DS_DATA360(1.2),I,A,DOM,RWB_PFI_RANK,_Z,_Z,_Z,RANK,_Z,_Z,_Z,RANK,RWB_PFI,602,0,RWB_PFI,PU,A,Annual,Dominican Republic,Press Freedom Index Rank,Not applicable,Not applicable,Not applicable,Rank,Not Applicable,Not Applicable,Not Applicable,Rank,Press Freedom Index,CCYY,Units,Normal value,Public,,72.0,31.0,51.0,52.0,72.0,82.0,98.0,97.0,95.0,80.0,68.0,63.0,62.0,59.0,59.0,55.0,55.0,50.0,30.0,43.0,35.0,43.0
datastructure,WB.DATA360:DS_DATA360(1.2),I,A,CUB,RWB_PFI_RANK,_Z,_Z,_Z,RANK,_Z,_Z,_Z,RANK,RWB_PFI,602,0,RWB_PFI,PU,A,Annual,Cuba,Press Freedom Index Rank,Not applicable,Not applicable,Not applicable,Rank,Not Applicable,Not Applicable,Not Applicable,Rank,Press Freedom Index,CCYY,Units,Normal value,Public,134.0,165.0,166.0,161.0,165.0,165.0,169.0,170.0,166.0,167.0,171.0,170.0,169.0,171.0,173.0,172.0,169.0,171.0,171.0,173.0,172.0,168.0,165.0
datastructure,WB.DATA360:DS_DATA360(1.2),I,A,CPV,RWB_PFI_RANK,_Z,_Z,_Z,RANK,_Z,_Z,_Z,RANK,RWB_PFI,602,0,RWB_PFI,PU,A,Annual,Cabo Verde,Press Freedom Index Rank,Not applicable,Not applicable,Not applicable,Rank,Not Applicable,Not Applicable,Not Applicable,Rank,Press Freedom Index,CCYY,Units,Normal value,Public,46.0,47.0,38.0,29.0,45.0,45.0,36.0,44.0,26.0,9.0,25.0,24.0,36.0,32.0,27.0,29.0,25.0,25.0,27.0,36.0,33.0,41.0,30.0
datastructure,WB.DATA360:DS_DATA360(1.2),I,A,HRV,RWB_PFI_RANK,_Z,_Z,_Z,RANK,_Z,_Z,_Z,RANK,RWB_PFI,602,0,RWB_PFI,PU,A,Annual,Croatia,Press Freedom Index Rank,Not applicable,Not applicable,Not applicable,Rank,Not Applicable,Not Applicable,Not Applicable,Rank,Press Freedom Index,CCYY,Units,Normal value,Public,33.0,69.0,54.0,56.0,54.0,41.0,45.0,78.0,63.0,68.0,64.0,65.0,58.0,63.0,74.0,69.0,64.0,59.0,56.0,48.0,42.0,48.0,60.0
datastructure,WB.DATA360:DS_DATA360(1.2),I,A,CYP,RWB_PFI_RANK,_Z,_Z,_Z,RANK,_Z,_Z,_Z,RANK,RWB_PFI,602,0,RWB_PFI,PU,A,Annual,Cyprus,Press Freedom Index Rank,Not applicable,Not applicable,Not applicable,Rank,Not Applicable,Not Applicable,Not Applicable,Rank,Press Freedom Index,CCYY,Units,Normal value,Public,,83.0,,25.0,30.0,45.0,31.0,25.0,45.0,16.0,24.0,25.0,24.0,27.0,30.0,25.0,28.0,27.0,26.0,65.0,55.0,65.0,77.0
datastructure,WB.DATA360:DS_DATA360(1.2),I,A,ARG,RWB_PFI_RANK,_Z,_Z,_Z,RANK,_Z,_Z,_Z,RANK,RWB_PFI,602,0,RWB_PFI,PU,A,Annual,Argentina,Press Freedom Index Rank,Not applicable,Not applicable,Not applicable,Rank,Not Applicable,Not Applicable,Not Applicable,Rank,Press Freedom Index,CCYY,Units,Normal value,Public,42.0,67.0,79.0,59.0,76.0,82.0,68.0,47.0,55.0,48.0,54.0,55.0,57.0,54.0,50.0,52.0,57.0,64.0,69.0,29.0,40.0,66.0,87.0
datastructure,WB.DATA360:DS_DATA360(1.2),I,A,PRK,RWB_PFI_RANK,_Z,_Z,_Z,RANK,_Z,_Z,_Z,RANK,RWB_PFI,602,0,RWB_PFI,PU,A,Annual,"Korea, Dem. People's Rep.",Press Freedom Index Rank,Not applicable,Not applicable,Not applicable,Rank,Not Applicable,Not Applicable,Not Applicable,Rank,Press Freedom Index,CCYY,Units,Normal value,Public,139.0,166.0,167.0,167.0,168.0,168.0,172.0,174.0,177.0,178.0,178.0,179.0,179.0,179.0,180.0,180.0,179.0,180.0,179.0,180.0,180.0,177.0,179.0
datastructure,WB.DATA360:DS_DATA360(1.2),I,A,SDN,RWB_PFI_RANK,_Z,_Z,_Z,RANK,_Z,_Z,_Z,RANK,RWB_PFI,602,0,RWB_PFI,PU,A,Annual,Sudan,Press Freedom Index Rank,Not applicable,Not applicable,Not applicable,Rank,Not Applicable,Not Applicable,Not Applicable,Rank,Press Freedom Index,CCYY,Units,Normal value,Public,105.0,142.0,132.0,133.0,139.0,140.0,135.0,148.0,172.0,170.0,170.0,172.0,174.0,174.0,174.0,174.0,175.0,159.0,159.0,151.0,148.0,149.0,156.0
datastructure,WB.DATA360:DS_DATA360(1.2),I,A,FIN,RWB_PFI_RANK,_Z,_Z,_Z,RANK,_Z,_Z,_Z,RANK,RWB_PFI,602,0,RWB_PFI,PU,A,Annual,Finland,Press Freedom Index Rank,Not applicable,Not applicable,Not applicable,Rank,Not Applicable,Not Applicable,Not Applicable,Rank,Press Freedom Index,CCYY,Units,Normal value,Public,1.0,1.0,1.0,1.0,1.0,5.0,4.0,1.0,1.0,1.0,1.0,1.0,1.0,1.0,3.0,4.0,2.0,2.0,2.0,5.0,5.0,5.0,5.0
datastructure,WB.DATA360:DS_DATA360(1.2),I,A,VEN,RWB_PFI_RANK,_Z,_Z,_Z,RANK,_Z,_Z,_Z,RANK,RWB_PFI,602,0,RWB_PFI,PU,A,Annual,"Venezuela, RB",Press Freedom Index Rank,Not applicable,Not applicable,Not applicable,Rank,Not Applicable,Not Applicable,Not Applicable,Rank,Press Freedom Index,CCYY,Units,Normal value,Public,77.0,96.0,90.0,90.0,115.0,114.0,113.0,124.0,134.0,120.0,117.0,116.0,137.0,139.0,137.0,143.0,148.0,147.0,148.0,159.0,159.0,156.0,160.0
datastructure,WB.DATA360:DS_DATA360(1.2),I,A,SWZ,RWB_PFI_RANK,_Z,_Z,_Z,RANK,_Z,_Z,_Z,RANK,RWB_PFI,602,0,RWB_PFI,PU,A,Annual,Eswatini,Press Freedom Index Rank,Not applicable,Not applicable,Not applicable,Rank,Not Applicable,Not Applicable,Not Applicable,Rank,Press Freedom Index,CCYY,Units,Normal value,Public,91.0,124.0,101.0,118.0,127.0,138.0,147.0,144.0,155.0,144.0,155.0,156.0,155.0,153.0,152.0,152.0,147.0,141.0,141.0,131.0,111.0,85.0,98.0
datastructure,WB.DATA360:DS_DATA360(1.2),I,A,LVA,RWB_PFI_RANK,_Z,_Z,_Z,RANK,_Z,_Z,_Z,RANK,RWB_PFI,602,0,RWB_PFI,PU,A,Annual,Latvia,Press Freedom Index Rank,Not applicable,Not applicable,Not applicable,Rank,Not Applicable,Not Applicable,Not Applicable,Rank,Press Freedom Index,CCYY,Units,Normal value,Public,,11.0,10.0,16.0,11.0,12.0,7.0,13.0,30.0,50.0,39.0,37.0,28.0,24.0,28.0,24.0,24.0,22.0,22.0,22.0,16.0,12.0,15.0
datastructure,WB.DATA360:DS_DATA360(1.2),I,A,CRI,RWB_PFI_RANK,_Z,_Z,_Z,RANK,_Z,_Z,_Z,RANK,RWB_PFI,602,0,RWB_PFI,PU,A,Annual,Costa Rica,Press Freedom Index Rank,Not applicable,Not applicable,Not applicable,Rank,Not Applicable,Not Applicable,Not Applicable,Rank,Press Freedom Index,CCYY,Units,Normal value,Public,15.0,24.0,35.0,41.0,29.0,21.0,22.0,30.0,29.0,19.0,18.0,21.0,16.0,6.0,6.0,10.0,10.0,7.0,5.0,8.0,23.0,26.0,36.0
datastructure,WB.DATA360:DS_DATA360(1.2),I,A,NPL,RWB_PFI_RANK,_Z,_Z,_Z,RANK,_Z,_Z,_Z,RANK,RWB_PFI,602,0,RWB_PFI,PU,A,Annual,Nepal,Press Freedom Index Rank,Not applicable,Not applicable,Not applicable,Rank,Not Applicable,Not Applicable,Not Applicable,Rank,Press Freedom Index,CCYY,Units,Normal value,Public,127.0,150.0,160.0,160.0,159.0,137.0,138.0,118.0,119.0,106.0,118.0,120.0,105.0,105.0,100.0,106.0,106.0,112.0,106.0,76.0,95.0,74.0,90.0
datastructure,WB.DATA360:DS_DATA360(1.2),I,A,GUY,RWB_PFI_RANK,_Z,_Z,_Z,RANK,_Z,_Z,_Z,RANK,RWB_PFI,602,0,RWB_PFI,PU,A,Annual,Guyana,Press Freedom Index Rank,Not applicable,Not applicable,Not applicable,Rank,Not Applicable,Not Applicable,Not Applicable,Rank,Press Freedom Index,CCYY,Units,Normal value,Public,,,,,,,88.0,39.0,59.0,60.0,69.0,67.0,62.0,57.0,60.0,55.0,51.0,49.0,51.0,34.0,60.0,77.0,73.0
datastructure,WB.DATA360:DS_DATA360(1.2),I,A,BGR,RWB_PFI_RANK,_Z,_Z,_Z,RANK,_Z,_Z,_Z,RANK,RWB_PFI,602,0,RWB_PFI,PU,A,Annual,Bulgaria,Press Freedom Index Rank,Not applicable,Not applicable,Not applicable,Rank,Not Applicable,Not Applicable,Not Applicable,Rank,Press Freedom Index,CCYY,Units,Normal value,Public,38.0,34.0,36.0,48.0,36.0,51.0,59.0,68.0,71.0,81.0,87.0,100.0,106.0,113.0,109.0,111.0,111.0,111.0,112.0,91.0,71.0,59.0,70.0
datastructure,WB.DATA360:DS_DATA360(1.2),I,A,THA,RWB_PFI_RANK,_Z,_Z,_Z,RANK,_Z,_Z,_Z,RANK,RWB_PFI,602,0,RWB_PFI,PU,A,Annual,Thailand,Press Freedom Index Rank,Not applicable,Not applicable,Not applicable,Rank,Not Applicable,Not Applicable,Not Applicable,Rank,Press Freedom Index,CCYY,Units,Normal value,Public,65.0,82.0,59.0,107.0,122.0,135.0,124.0,130.0,153.0,137.0,135.0,130.0,134.0,136.0,142.0,140.0,136.0,140.0,137.0,115.0,106.0,87.0,85.0
datastructure,WB.DATA360:DS_DATA360(1.2),I,A,TUR,RWB_PFI_RANK,_Z,_Z,_Z,RANK,_Z,_Z,_Z,RANK,RWB_PFI,602,0,RWB_PFI,PU,A,Annual,Turkiye,Press Freedom Index Rank,Not applicable,Not applicable,Not applicable,Rank,Not Applicable,Not Applicable,Not Applicable,Rank,Press Freedom Index,CCYY,Units,Normal value,Public,100.0,115.0,113.0,98.0,100.0,101.0,102.0,122.0,138.0,148.0,154.0,154.0,149.0,151.0,155.0,157.0,157.0,154.0,153.0,149.0,165.0,158.0,159.0
datastructure,WB.DATA360:DS_DATA360(1.2),I,A,SOM,RWB_PFI_RANK,_Z,_Z,_Z,RANK,_Z,_Z,_Z,RANK,RWB_PFI,602,0,RWB_PFI,PU,A,Annual,Somalia,Press Freedom Index Rank,Not applicable,Not applicable,Not applicable,Rank,Not Applicable,Not Applicable,Not Applicable,Rank,Press Freedom Index,CCYY,Units,Normal value,Public,,140.0,128.0,149.0,145.0,159.0,153.0,164.0,161.0,164.0,175.0,176.0,172.0,167.0,167.0,168.0,164.0,163.0,161.0,140.0,141.0,145.0,136.0
datastructure,WB.DATA360:DS_DATA360(1.2),I,A,FJI,RWB_PFI_RANK,_Z,_Z,_Z,RANK,_Z,_Z,_Z,RANK,RWB_PFI,602,0,RWB_PFI,PU,A,Annual,Fiji,Press Freedom Index Rank,Not applicable,Not applicable,Not applicable,Rank,Not Applicable,Not Applicable,Not Applicable,Rank,Press Freedom Index,CCYY,Units,Normal value,Public,,59.0,63.0,60.0,58.0,107.0,79.0,152.0,149.0,118.0,107.0,107.0,93.0,80.0,67.0,57.0,52.0,52.0,55.0,102.0,89.0,44.0,40.0
datastructure,WB.DATA360:DS_DATA360(1.2),I,A,DNK,RWB_PFI_RANK,_Z,_Z,_Z,RANK,_Z,_Z,_Z,RANK,RWB_PFI,602,0,RWB_PFI,PU,A,Annual,Denmark,Press Freedom Index Rank,Not applicable,Not applicable,Not applicable,Rank,Not Applicable,Not Applicable,Not Applicable,Rank,Press Freedom Index,CCYY,Units,Normal value,Public,10.0,5.0,1.0,1.0,20.0,8.0,14.0,1.0,11.0,11.0,6.0,7.0,3.0,4.0,4.0,9.0,5.0,3.0,4.0,2.0,3.0,2.0,6.0
datastructure,WB.DATA360:DS_DATA360(1.2),I,A,FRA,RWB_PFI_RANK,_Z,_Z,_Z,RANK,_Z,_Z,_Z,RANK,RWB_PFI,602,0,RWB_PFI,PU,A,Annual,France,Press Freedom Index Rank,Not applicable,Not applicable,Not applicable,Rank,Not Applicable,Not Applicable,Not Applicable,Rank,Press Freedom Index,CCYY,Units,Normal value,Public,11.0,26.0,19.0,30.0,37.0,31.0,35.0,43.0,44.0,38.0,37.0,39.0,38.0,45.0,39.0,33.0,32.0,34.0,34.0,26.0,24.0,21.0,25.0
datastructure,WB.DATA360:DS_DATA360(1.2),I,A,GAB,RWB_PFI_RANK,_Z,_Z,_Z,RANK,_Z,_Z,_Z,RANK,RWB_PFI,602,0,RWB_PFI,PU,A,Annual,Gabon,Press Freedom Index Rank,Not applicable,Not applicable,Not applicable,Rank,Not Applicable,Not Applicable,Not Applicable,Rank,Press Freedom Index,CCYY,Units,Normal value,Public,59.0,101.0,115.0,102.0,114.0,102.0,110.0,129.0,107.0,101.0,89.0,98.0,95.0,100.0,108.0,108.0,115.0,121.0,117.0,105.0,94.0,56.0,41.0
datastructure,WB.DATA360:DS_DATA360(1.2),I,A,BRA,RWB_PFI_RANK,_Z,_Z,_Z,RANK,_Z,_Z,_Z,RANK,RWB_PFI,602,0,RWB_PFI,PU,A,Annual,Brazil,Press Freedom Index Rank,Not applicable,Not applicable,Not applicable,Rank,Not Applicable,Not Applicable,Not Applicable,Rank,Press Freedom Index,CCYY,Units,Normal value,Public,54.0,71.0,66.0,63.0,75.0,84.0,82.0,71.0,58.0,99.0,108.0,111.0,99.0,104.0,103.0,102.0,105.0,107.0,111.0,110.0,92.0,82.0,63.0
datastructure,WB.DATA360:DS_DATA360(1.2),I,A,PAK,RWB_PFI_RANK,_Z,_Z,_Z,RANK,_Z,_Z,_Z,RANK,RWB_PFI,602,0,RWB_PFI,PU,A,Annual,Pakistan,Press Freedom Index Rank,Not applicable,Not applicable,Not applicable,Rank,Not Applicable,Not Applicable,Not Applicable,Rank,Press Freedom Index,CCYY,Units,Normal value,Public,119.0,128.0,150.0,150.0,157.0,152.0,152.0,159.0,151.0,151.0,159.0,158.0,159.0,147.0,139.0,139.0,142.0,145.0,145.0,157.0,150.0,152.0,158.0
datastructure,WB.DATA360:DS_DATA360(1.2),I,A,RWA,RWB_PFI_RANK,_Z,_Z,_Z,RANK,_Z,_Z,_Z,RANK,RWB_PFI,602,0,RWB_PFI,PU,A,Annual,Rwanda,Press Freedom Index Rank,Not applicable,Not applicable,Not applicable,Rank,Not Applicable,Not Applicable,Not Applicable,Rank,Press Freedom Index,CCYY,Units,Normal value,Public,108.0,110.0,113.0,122.0,129.0,147.0,145.0,157.0,169.0,156.0,161.0,162.0,161.0,161.0,159.0,156.0,155.0,155.0,156.0,136.0,131.0,144.0,146.0
datastructure,WB.DATA360:DS_DATA360(1.2),I,A,COD,RWB_PFI_RANK,_Z,_Z,_Z,RANK,_Z,_Z,_Z,RANK,RWB_PFI,602,0,RWB_PFI,PU,A,Annual,"Congo, Dem. Rep.",Press Freedom Index Rank,Not applicable,Not applicable,Not applicable,Rank,Not Applicable,Not Applicable,Not Applicable,Rank,Press Freedom Index,CCYY,Units,Normal value,Public,113.0,127.0,141.0,146.0,143.0,133.0,148.0,146.0,148.0,145.0,142.0,151.0,150.0,152.0,154.0,154.0,154.0,150.0,149.0,125.0,124.0,123.0,133.0
datastructure,WB.DATA360:DS_DATA360(1.2),I,A,ALB,RWB_PFI_RANK,_Z,_Z,_Z,RANK,_Z,_Z,_Z,RANK,RWB_PFI,602,0,RWB_PFI,PU,A,Annual,Albania,Press Freedom Index Rank,Not applicable,Not applicable,Not applicable,Rank,Not Applicable,Not Applicable,Not Applicable,Rank,Press Freedom Index,CCYY,Units,Normal value,Public,,34.0,50.0,62.0,80.0,87.0,79.0,88.0,80.0,96.0,102.0,85.0,82.0,82.0,76.0,75.0,82.0,84.0,83.0,103.0,96.0,99.0,80.0
datastructure,WB.DATA360:DS_DATA360(1.2),I,A,ISL,RWB_PFI_RANK,_Z,_Z,_Z,RANK,_Z,_Z,_Z,RANK,RWB_PFI,602,0,RWB_PFI,PU,A,Annual,Iceland,Press Freedom Index Rank,Not applicable,Not applicable,Not applicable,Rank,Not Applicable,Not Applicable,Not Applicable,Rank,Press Freedom Index,CCYY,Units,Normal value,Public,2.0,1.0,1.0,1.0,3.0,1.0,1.0,9.0,2.0,6.0,9.0,8.0,21.0,19.0,10.0,13.0,14.0,15.0,16.0,15.0,18.0,18.0,17.0
datastructure,WB.DATA360:DS_DATA360(1.2),I,A,CHL,RWB_PFI_RANK,_Z,_Z,_Z,RANK,_Z,_Z,_Z,RANK,RWB_PFI,602,0,RWB_PFI,PU,A,Annual,Chile,Press Freedom Index Rank,Not applicable,Not applicable,Not applicable,Rank,Not Applicable,Not Applicable,Not Applicable,Rank,Press Freedom Index,CCYY,Units,Normal value,Public,24.0,37.0,42.0,50.0,49.0,39.0,56.0,39.0,33.0,82.0,60.0,58.0,43.0,31.0,33.0,38.0,46.0,51.0,54.0,82.0,83.0,52.0,69.0
datastructure,WB.DATA360:DS_DATA360(1.2),I,A,KWT,RWB_PFI_RANK,_Z,_Z,_Z,RANK,_Z,_Z,_Z,RANK,RWB_PFI,602,0,RWB_PFI,PU,A,Annual,Kuwait,Press Freedom Index Rank,Not applicable,Not applicable,Not applicable,Rank,Not Applicable,Not Applicable,Not Applicable,Rank,Press Freedom Index,CCYY,Units,Normal value,Public,78.0,102.0,103.0,85.0,74.0,63.0,61.0,60.0,88.0,78.0,77.0,91.0,90.0,103.0,104.0,105.0,108.0,109.0,105.0,158.0,154.0,131.0,128.0
datastructure,WB.DATA360:DS_DATA360(1.2),I,A,NIC,RWB_PFI_RANK,_Z,_Z,_Z,RANK,_Z,_Z,_Z,RANK,RWB_PFI,602,0,RWB_PFI,PU,A,Annual,Nicaragua,Press Freedom Index Rank,Not applicable,Not applicable,Not applicable,Rank,Not Applicable,Not Applicable,Not Applicable,Rank,Press Freedom Index,CCYY,Units,Normal value,Public,,34.0,52.0,68.0,69.0,47.0,59.0,76.0,83.0,72.0,78.0,71.0,74.0,75.0,92.0,90.0,114.0,117.0,121.0,160.0,158.0,163.0,172.0
datastructure,WB.DATA360:DS_DATA360(1.2),I,A,SVN,RWB_PFI_RANK,_Z,_Z,_Z,RANK,_Z,_Z,_Z,RANK,RWB_PFI,602,0,RWB_PFI,PU,A,Annual,Slovenia,Press Freedom Index Rank,Not applicable,Not applicable,Not applicable,Rank,Not Applicable,Not Applicable,Not Applicable,Rank,Press Freedom Index,CCYY,Units,Normal value,Public,14.0,20.0,15.0,9.0,13.0,21.0,30.0,37.0,46.0,36.0,35.0,34.0,35.0,40.0,37.0,32.0,34.0,32.0,36.0,54.0,50.0,42.0,33.0
datastructure,WB.DATA360:DS_DATA360(1.2),I,A,MAR,RWB_PFI_RANK,_Z,_Z,_Z,RANK,_Z,_Z,_Z,RANK,RWB_PFI,602,0,RWB_PFI,PU,A,Annual,Morocco,Press Freedom Index Rank,Not applicable,Not applicable,Not applicable,Rank,Not Applicable,Not Applicable,Not Applicable,Rank,Press Freedom Index,CCYY,Units,Normal value,Public,89.0,131.0,126.0,119.0,97.0,106.0,122.0,127.0,135.0,138.0,136.0,136.0,130.0,131.0,133.0,135.0,135.0,133.0,136.0,135.0,144.0,129.0,120.0
datastructure,WB.DATA360:DS_DATA360(1.2),I,A,MLT,RWB_PFI_RANK,_Z,_Z,_Z,RANK,_Z,_Z,_Z,RANK,RWB_PFI,602,0,RWB_PFI,PU,A,Annual,Malta,Press Freedom Index Rank,Not applicable,Not applicable,Not applicable,Rank,Not Applicable,Not Applicable,Not Applicable,Rank,Press Freedom Index,CCYY,Units,Normal value,Public,,,,,,,,11.0,16.0,58.0,45.0,51.0,48.0,46.0,47.0,65.0,77.0,81.0,81.0,78.0,84.0,73.0,67.0
datastructure,WB.DATA360:DS_DATA360(1.2),I,A,BWA,RWB_PFI_RANK,_Z,_Z,_Z,RANK,_Z,_Z,_Z,RANK,RWB_PFI,602,0,RWB_PFI,PU,A,Annual,Botswana,Press Freedom Index Rank,Not applicable,Not applicable,Not applicable,Rank,Not Applicable,Not Applicable,Not Applicable,Rank,Press Freedom Index,CCYY,Units,Normal value,Public,,62.0,50.0,60.0,53.0,75.0,66.0,62.0,62.0,43.0,40.0,41.0,42.0,43.0,48.0,48.0,44.0,39.0,38.0,95.0,65.0,79.0,81.0
datastructure,WB.DATA360:DS_DATA360(1.2),I,A,LBR,RWB_PFI_RANK,_Z,_Z,_Z,RANK,_Z,_Z,_Z,RANK,RWB_PFI,602,0,RWB_PFI,PU,A,Annual,Liberia,Press Freedom Index Rank,Not applicable,Not applicable,Not applicable,Rank,Not Applicable,Not Applicable,Not Applicable,Rank,Press Freedom Index,CCYY,Units,Normal value,Public,109.0,132.0,123.0,83.0,84.0,85.0,51.0,62.0,84.0,110.0,97.0,89.0,89.0,93.0,94.0,89.0,93.0,95.0,98.0,75.0,66.0,60.0,54.0
datastructure,WB.DATA360:DS_DATA360(1.2),I,A,KGZ,RWB_PFI_RANK,_Z,_Z,_Z,RANK,_Z,_Z,_Z,RANK,RWB_PFI,602,0,RWB_PFI,PU,A,Annual,Kyrgyz Republic,Press Freedom Index Rank,Not applicable,Not applicable,Not applicable,Rank,Not Applicable,Not Applicable,Not Applicable,Rank,Press Freedom Index,CCYY,Units,Normal value,Public,98.0,104.0,107.0,111.0,123.0,110.0,111.0,125.0,159.0,109.0,106.0,97.0,88.0,85.0,89.0,98.0,83.0,82.0,79.0,72.0,122.0,120.0,144.0
datastructure,WB.DATA360:DS_DATA360(1.2),I,A,ROU,RWB_PFI_RANK,_Z,_Z,_Z,RANK,_Z,_Z,_Z,RANK,RWB_PFI,602,0,RWB_PFI,PU,A,Annual,Romania,Press Freedom Index Rank,Not applicable,Not applicable,Not applicable,Rank,Not Applicable,Not Applicable,Not Applicable,Rank,Press Freedom Index,CCYY,Units,Normal value,Public,45.0,59.0,70.0,70.0,61.0,42.0,47.0,50.0,53.0,49.0,42.0,45.0,52.0,49.0,46.0,44.0,47.0,48.0,48.0,56.0,53.0,49.0,55.0
datastructure,WB.DATA360:DS_DATA360(1.2),I,A,PNG,RWB_PFI_RANK,_Z,_Z,_Z,RANK,_Z,_Z,_Z,RANK,RWB_PFI,602,0,RWB_PFI,PU,A,Annual,Papua New Guinea,Press Freedom Index Rank,Not applicable,Not applicable,Not applicable,Rank,Not Applicable,Not Applicable,Not Applicable,Rank,Press Freedom Index,CCYY,Units,Normal value,Public,,,,,,,,56.0,43.0,35.0,41.0,44.0,56.0,55.0,51.0,53.0,38.0,46.0,47.0,62.0,59.0,91.0,78.0
datastructure,WB.DATA360:DS_DATA360(1.2),I,A,PHL,RWB_PFI_RANK,_Z,_Z,_Z,RANK,_Z,_Z,_Z,RANK,RWB_PFI,602,0,RWB_PFI,PU,A,Annual,Philippines,Press Freedom Index Rank,Not applicable,Not applicable,Not applicable,Rank,Not Applicable,Not Applicable,Not Applicable,Rank,Press Freedom Index,CCYY,Units,Normal value,Public,90.0,118.0,111.0,139.0,142.0,128.0,139.0,122.0,156.0,140.0,147.0,149.0,141.0,138.0,127.0,133.0,134.0,136.0,138.0,147.0,132.0,134.0,116.0
datastructure,WB.DATA360:DS_DATA360(1.2),I,A,IRL,RWB_PFI_RANK,_Z,_Z,_Z,RANK,_Z,_Z,_Z,RANK,RWB_PFI,602,0,RWB_PFI,PU,A,Annual,Ireland,Press Freedom Index Rank,Not applicable,Not applicable,Not applicable,Rank,Not Applicable,Not Applicable,Not Applicable,Rank,Press Freedom Index,CCYY,Units,Normal value,Public,6.0,17.0,1.0,1.0,2.0,8.0,4.0,1.0,10.0,15.0,15.0,16.0,11.0,9.0,14.0,16.0,15.0,13.0,12.0,6.0,2.0,8.0,7.0
datastructure,WB.DATA360:DS_DATA360(1.2),I,A,BRN,RWB_PFI_RANK,_Z,_Z,_Z,RANK,_Z,_Z,_Z,RANK,RWB_PFI,602,0,RWB_PFI,PU,A,Annual,Brunei Darussalam,Press Freedom Index Rank,Not applicable,Not applicable,Not applicable,Rank,Not Applicable,Not Applicable,Not Applicable,Rank,Press Freedom Index,CCYY,Units,Normal value,Public,111.0,,,,,,,155.0,142.0,125.0,122.0,117.0,121.0,155.0,156.0,153.0,152.0,152.0,154.0,144.0,142.0,117.0,97.0
datastructure,WB.DATA360:DS_DATA360(1.2),I,A,BHR,RWB_PFI_RANK,_Z,_Z,_Z,RANK,_Z,_Z,_Z,RANK,RWB_PFI,602,0,RWB_PFI,PU,A,Annual,Bahrain,Press Freedom Index Rank,Not applicable,Not applicable,Not applicable,Rank,Not Applicable,Not Applicable,Not Applicable,Rank,Press Freedom Index,CCYY,Units,Normal value,Public,67.0,117.0,143.0,123.0,111.0,118.0,96.0,119.0,144.0,173.0,165.0,163.0,163.0,162.0,164.0,166.0,167.0,169.0,168.0,167.0,171.0,173.0,157.0
datastructure,WB.DATA360:DS_DATA360(1.2),I,A,OMN,RWB_PFI_RANK,_Z,_Z,_Z,RANK,_Z,_Z,_Z,RANK,RWB_PFI,602,0,RWB_PFI,PU,A,Annual,Oman,Press Freedom Index Rank,Not applicable,Not applicable,Not applicable,Rank,Not Applicable,Not Applicable,Not Applicable,Rank,Press Freedom Index,CCYY,Units,Normal value,Public,,152.0,,,,,123.0,106.0,124.0,119.0,141.0,134.0,127.0,125.0,126.0,127.0,132.0,135.0,133.0,163.0,155.0,137.0,134.0
datastructure,WB.DATA360:DS_DATA360(1.2),I,A,SAU,RWB_PFI_RANK,_Z,_Z,_Z,RANK,_Z,_Z,_Z,RANK,RWB_PFI,602,0,RWB_PFI,PU,A,Annual,Saudi Arabia,Press Freedom Index Rank,Not applicable,Not applicable,Not applicable,Rank,Not Applicable,Not Applicable,Not Applicable,Rank,Press Freedom Index,CCYY,Units,Normal value,Public,125.0,156.0,159.0,154.0,161.0,148.0,161.0,163.0,157.0,158.0,163.0,164.0,164.0,165.0,168.0,169.0,172.0,170.0,170.0,166.0,170.0,166.0,162.0
datastructure,WB.DATA360:DS_DATA360(1.2),I,A,NOR,RWB_PFI_RANK,_Z,_Z,_Z,RANK,_Z,_Z,_Z,RANK,RWB_PFI,602,0,RWB_PFI,PU,A,Annual,Norway,Press Freedom Index Rank,Not applicable,Not applicable,Not applicable,Rank,Not Applicable,Not Applicable,Not Applicable,Rank,Press Freedom Index,CCYY,Units,Normal value,Public,3.0,1.0,1.0,1.0,7.0,1.0,1.0,1.0,3.0,2.0,3.0,3.0,2.0,3.0,1.0,1.0,1.0,1.0,1.0,1.0,1.0,1.0,1.0
datastructure,WB.DATA360:DS_DATA360(1.2),I,A,MOZ,RWB_PFI_RANK,_Z,_Z,_Z,RANK,_Z,_Z,_Z,RANK,RWB_PFI,602,0,RWB_PFI,PU,A,Annual,Mozambique,Press Freedom Index Rank,Not applicable,Not applicable,Not applicable,Rank,Not Applicable,Not Applicable,Not Applicable,Rank,Press Freedom Index,CCYY,Units,Normal value,Public,70.0,63.0,64.0,49.0,47.0,73.0,90.0,82.0,98.0,66.0,73.0,79.0,85.0,87.0,93.0,99.0,103.0,104.0,108.0,116.0,102.0,105.0,101.0
datastructure,WB.DATA360:DS_DATA360(1.2),I,A,PAN,RWB_PFI_RANK,_Z,_Z,_Z,RANK,_Z,_Z,_Z,RANK,RWB_PFI,602,0,RWB_PFI,PU,A,Annual,Panama,Press Freedom Index Rank,Not applicable,Not applicable,Not applicable,Rank,Not Applicable,Not Applicable,Not Applicable,Rank,Press Freedom Index,CCYY,Units,Normal value,Public,50.0,53.0,61.0,66.0,39.0,54.0,57.0,55.0,81.0,113.0,111.0,87.0,83.0,91.0,96.0,91.0,79.0,76.0,77.0,74.0,69.0,83.0,53.0
datastructure,WB.DATA360:DS_DATA360(1.2),I,A,SUR,RWB_PFI_RANK,_Z,_Z,_Z,RANK,_Z,_Z,_Z,RANK,RWB_PFI,602,0,RWB_PFI,PU,A,Annual,Suriname,Press Freedom Index Rank,Not applicable,Not applicable,Not applicable,Rank,Not Applicable,Not Applicable,Not Applicable,Rank,Press Freedom Index,CCYY,Units,Normal value,Public,,,,,,,26.0,42.0,36.0,23.0,31.0,31.0,29.0,22.0,20.0,21.0,20.0,20.0,19.0,52.0,48.0,28.0,32.0
datastructure,WB.DATA360:DS_DATA360(1.2),I,A,TWN,RWB_PFI_RANK,_Z,_Z,_Z,RANK,_Z,_Z,_Z,RANK,RWB_PFI,602,0,RWB_PFI,PU,A,Annual,"Taiwan, China",Press Freedom Index Rank,Not applicable,Not applicable,Not applicable,Rank,Not Applicable,Not Applicable,Not Applicable,Rank,Press Freedom Index,CCYY,Units,Normal value,Public,35.0,61.0,60.0,51.0,43.0,32.0,36.0,59.0,48.0,46.0,47.0,50.0,51.0,51.0,45.0,42.0,42.0,43.0,43.0,38.0,35.0,27.0,24.0
datastructure,WB.DATA360:DS_DATA360(1.2),I,A,PSE,RWB_PFI_RANK,_Z,_Z,_Z,RANK,_Z,_Z,_Z,RANK,RWB_PFI,602,0,RWB_PFI,PU,A,Annual,West Bank and Gaza,Press Freedom Index Rank,Not applicable,Not applicable,Not applicable,Rank,Not Applicable,Not Applicable,Not Applicable,Rank,Press Freedom Index,CCYY,Units,Normal value,Public,82.0,130.0,127.0,132.0,134.0,158.0,163.0,161.0,150.0,153.0,146.0,138.0,140.0,132.0,135.0,134.0,137.0,137.0,132.0,170.0,156.0,157.0,163.0
datastructure,WB.DATA360:DS_DATA360(1.2),I,A,MNE,RWB_PFI_RANK,_Z,_Z,_Z,RANK,_Z,_Z,_Z,RANK,RWB_PFI,602,0,RWB_PFI,PU,A,Annual,Montenegro,Press Freedom Index Rank,Not applicable,Not applicable,Not applicable,Rank,Not Applicable,Not Applicable,Not Applicable,Rank,Press Freedom Index,CCYY,Units,Normal value,Public,,,,,,58.0,53.0,77.0,105.0,107.0,113.0,114.0,114.0,106.0,106.0,103.0,104.0,105.0,104.0,63.0,39.0,40.0,37.0
datastructure,WB.DATA360:DS_DATA360(1.2),I,A,JPN,RWB_PFI_RANK,_Z,_Z,_Z,RANK,_Z,_Z,_Z,RANK,RWB_PFI,602,0,RWB_PFI,PU,A,Annual,Japan,Press Freedom Index Rank,Not applicable,Not applicable,Not applicable,Rank,Not Applicable,Not Applicable,Not Applicable,Rank,Press Freedom Index,CCYY,Units,Normal value,Public,28.0,44.0,42.0,37.0,51.0,37.0,29.0,17.0,12.0,22.0,53.0,59.0,61.0,72.0,72.0,67.0,67.0,66.0,67.0,71.0,68.0,70.0,66.0
datastructure,WB.DATA360:DS_DATA360(1.2),I,A,IDN,RWB_PFI_RANK,_Z,_Z,_Z,RANK,_Z,_Z,_Z,RANK,RWB_PFI,602,0,RWB_PFI,PU,A,Annual,Indonesia,Press Freedom Index Rank,Not applicable,Not applicable,Not applicable,Rank,Not Applicable,Not Applicable,Not Applicable,Rank,Press Freedom Index,CCYY,Units,Normal value,Public,57.0,110.0,117.0,102.0,103.0,100.0,111.0,100.0,117.0,146.0,139.0,132.0,138.0,130.0,124.0,124.0,124.0,119.0,113.0,117.0,108.0,111.0,127.0
datastructure,WB.DATA360:DS_DATA360(1.2),I,A,VNM,RWB_PFI_RANK,_Z,_Z,_Z,RANK,_Z,_Z,_Z,RANK,RWB_PFI,602,0,RWB_PFI,PU,A,Annual,Viet Nam,Press Freedom Index Rank,Not applicable,Not applicable,Not applicable,Rank,Not Applicable,Not Applicable,Not Applicable,Rank,Press Freedom Index,CCYY,Units,Normal value,Public,131.0,159.0,161.0,158.0,155.0,162.0,168.0,166.0,165.0,172.0,172.0,174.0,175.0,175.0,175.0,175.0,176.0,175.0,175.0,174.0,178.0,174.0,173.0
datastructure,WB.DATA360:DS_DATA360(1.2),I,A,CAN,RWB_PFI_RANK,_Z,_Z,_Z,RANK,_Z,_Z,_Z,RANK,RWB_PFI,602,0,RWB_PFI,PU,A,Annual,Canada,Press Freedom Index Rank,Not applicable,Not applicable,Not applicable,Rank,Not Applicable,Not Applicable,Not Applicable,Rank,Press Freedom Index,CCYY,Units,Normal value,Public,5.0,10.0,18.0,21.0,18.0,18.0,13.0,19.0,21.0,10.0,20.0,18.0,8.0,18.0,22.0,18.0,18.0,16.0,14.0,19.0,15.0,14.0,21.0
datastructure,WB.DATA360:DS_DATA360(1.2),I,A,AZE,RWB_PFI_RANK,_Z,_Z,_Z,RANK,_Z,_Z,_Z,RANK,RWB_PFI,602,0,RWB_PFI,PU,A,Annual,Azerbaijan,Press Freedom Index Rank,Not applicable,Not applicable,Not applicable,Rank,Not Applicable,Not Applicable,Not Applicable,Rank,Press Freedom Index,CCYY,Units,Normal value,Public,101.0,113.0,136.0,141.0,135.0,139.0,150.0,146.0,152.0,162.0,156.0,160.0,162.0,163.0,162.0,163.0,166.0,168.0,167.0,154.0,151.0,164.0,167.0
datastructure,WB.DATA360:DS_DATA360(1.2),I,A,URY,RWB_PFI_RANK,_Z,_Z,_Z,RANK,_Z,_Z,_Z,RANK,RWB_PFI,602,0,RWB_PFI,PU,A,Annual,Uruguay,Press Freedom Index Rank,Not applicable,Not applicable,Not applicable,Rank,Not Applicable,Not Applicable,Not Applicable,Rank,Press Freedom Index,CCYY,Units,Normal value,Public,23.0,25.0,42.0,46.0,57.0,37.0,43.0,29.0,37.0,32.0,27.0,26.0,23.0,20.0,25.0,20.0,19.0,19.0,18.0,44.0,52.0,51.0,59.0
datastructure,WB.DATA360:DS_DATA360(1.2),I,A,KAZ,RWB_PFI_RANK,_Z,_Z,_Z,RANK,_Z,_Z,_Z,RANK,RWB_PFI,602,0,RWB_PFI,PU,A,Annual,Kazakhstan,Press Freedom Index Rank,Not applicable,Not applicable,Not applicable,Rank,Not Applicable,Not Applicable,Not Applicable,Rank,Press Freedom Index,CCYY,Units,Normal value,Public,116.0,138.0,131.0,119.0,128.0,125.0,125.0,142.0,162.0,154.0,160.0,161.0,160.0,160.0,157.0,158.0,158.0,157.0,155.0,122.0,134.0,142.0,141.0
datastructure,WB.DATA360:DS_DATA360(1.2),I,A,LAO,RWB_PFI_RANK,_Z,_Z,_Z,RANK,_Z,_Z,_Z,RANK,RWB_PFI,602,0,RWB_PFI,PU,A,Annual,Lao PDR,Press Freedom Index Rank,Not applicable,Not applicable,Not applicable,Rank,Not Applicable,Not Applicable,Not Applicable,Rank,Press Freedom Index,CCYY,Units,Normal value,Public,133.0,163.0,153.0,155.0,156.0,161.0,164.0,169.0,168.0,165.0,168.0,171.0,171.0,173.0,170.0,170.0,171.0,172.0,172.0,161.0,160.0,153.0,150.0
datastructure,WB.DATA360:DS_DATA360(1.2),I,A,ZWE,RWB_PFI_RANK,_Z,_Z,_Z,RANK,_Z,_Z,_Z,RANK,RWB_PFI,602,0,RWB_PFI,PU,A,Annual,Zimbabwe,Press Freedom Index Rank,Not applicable,Not applicable,Not applicable,Rank,Not Applicable,Not Applicable,Not Applicable,Rank,Press Freedom Index,CCYY,Units,Normal value,Public,123.0,141.0,155.0,153.0,140.0,149.0,151.0,136.0,123.0,121.0,133.0,135.0,131.0,124.0,128.0,126.0,127.0,126.0,130.0,137.0,126.0,116.0,106.0
datastructure,WB.DATA360:DS_DATA360(1.2),I,A,GRC,RWB_PFI_RANK,_Z,_Z,_Z,RANK,_Z,_Z,_Z,RANK,RWB_PFI,602,0,RWB_PFI,PU,A,Annual,Greece,Press Freedom Index Rank,Not applicable,Not applicable,Not applicable,Rank,Not Applicable,Not Applicable,Not Applicable,Rank,Press Freedom Index,CCYY,Units,Normal value,Public,19.0,31.0,33.0,18.0,32.0,30.0,31.0,35.0,73.0,71.0,84.0,99.0,91.0,89.0,88.0,74.0,65.0,65.0,70.0,108.0,107.0,88.0,89.0
datastructure,WB.DATA360:DS_DATA360(1.2),I,A,CHN,RWB_PFI_RANK,_Z,_Z,_Z,RANK,_Z,_Z,_Z,RANK,RWB_PFI,602,0,RWB_PFI,PU,A,Annual,China,Press Freedom Index Rank,Not applicable,Not applicable,Not applicable,Rank,Not Applicable,Not Applicable,Not Applicable,Rank,Press Freedom Index,CCYY,Units,Normal value,Public,138.0,161.0,162.0,159.0,163.0,163.0,167.0,168.0,171.0,174.0,173.0,175.0,176.0,176.0,176.0,176.0,177.0,177.0,177.0,175.0,179.0,172.0,178.0
datastructure,WB.DATA360:DS_DATA360(1.2),I,A,TLS,RWB_PFI_RANK,_Z,_Z,_Z,RANK,_Z,_Z,_Z,RANK,RWB_PFI,602,0,RWB_PFI,PU,A,Annual,Timor-Leste,Press Freedom Index Rank,Not applicable,Not applicable,Not applicable,Rank,Not Applicable,Not Applicable,Not Applicable,Rank,Press Freedom Index,CCYY,Units,Normal value,Public,,30.0,57.0,58.0,83.0,94.0,65.0,72.0,94.0,88.0,90.0,77.0,103.0,99.0,98.0,95.0,84.0,78.0,71.0,17.0,10.0,20.0,39.0
datastructure,WB.DATA360:DS_DATA360(1.2),I,A,CZE,RWB_PFI_RANK,_Z,_Z,_Z,RANK,_Z,_Z,_Z,RANK,RWB_PFI,602,0,RWB_PFI,PU,A,Annual,Czechia,Press Freedom Index Rank,Not applicable,Not applicable,Not applicable,Rank,Not Applicable,Not Applicable,Not Applicable,Rank,Press Freedom Index,CCYY,Units,Normal value,Public,41.0,12.0,19.0,9.0,5.0,14.0,16.0,24.0,24.0,14.0,16.0,13.0,13.0,21.0,23.0,34.0,40.0,40.0,40.0,20.0,14.0,17.0,10.0
datastructure,WB.DATA360:DS_DATA360(1.2),I,A,TON,RWB_PFI_RANK,_Z,_Z,_Z,RANK,_Z,_Z,_Z,RANK,RWB_PFI,602,0,RWB_PFI,PU,A,Annual,Tonga,Press Freedom Index Rank,Not applicable,Not applicable,Not applicable,Rank,Not Applicable,Not Applicable,Not Applicable,Rank,Press Freedom Index,CCYY,Units,Normal value,Public,,,119.0,63.0,56.0,119.0,82.0,,89.0,65.0,66.0,63.0,44.0,37.0,49.0,51.0,45.0,50.0,46.0,49.0,44.0,45.0,46.0
datastructure,WB.DATA360:DS_DATA360(1.2),I,A,KOR,RWB_PFI_RANK,_Z,_Z,_Z,RANK,_Z,_Z,_Z,RANK,RWB_PFI,602,0,RWB_PFI,PU,A,Annual,"Korea, Rep.",Press Freedom Index Rank,Not applicable,Not applicable,Not applicable,Rank,Not Applicable,Not Applicable,Not Applicable,Rank,Press Freedom Index,CCYY,Units,Normal value,Public,39.0,49.0,48.0,34.0,31.0,39.0,47.0,69.0,42.0,44.0,50.0,57.0,60.0,70.0,63.0,43.0,41.0,42.0,42.0,43.0,47.0,62.0,61.0
datastructure,WB.DATA360:DS_DATA360(1.2),I,A,SLV,RWB_PFI_RANK,_Z,_Z,_Z,RANK,_Z,_Z,_Z,RANK,RWB_PFI,602,0,RWB_PFI,PU,A,Annual,El Salvador,Press Freedom Index Rank,Not applicable,Not applicable,Not applicable,Rank,Not Applicable,Not Applicable,Not Applicable,Rank,Press Freedom Index,CCYY,Units,Normal value,Public,34.0,37.0,28.0,28.0,41.0,64.0,62.0,79.0,51.0,37.0,38.0,38.0,45.0,58.0,62.0,66.0,81.0,74.0,82.0,112.0,115.0,133.0,135.0
